raceId,year,round,circuitId,name,date,time,url,fp1_date,fp1_time,fp2_date,fp2_time,fp3_date,fp3_time,quali_date,quali_time,sprint_date,sprint_time
158,2000,1,1,Australian Grand Prix,2000-03-12,\N,http://en.wikipedia.org/wiki/2000_Australian_Grand_Prix,\N,\N,\N,\N,\N,\N,\N,\N,\N,\N
159,2000,2,18,Brazilian Grand Prix,2000-03-26,\N,http://en.wikipedia.org/wiki/2000_Brazilian_Grand_Prix,\N,\N,\N,\N,\N,\N,\N,\N,\N,\N
160,2000,3,21,San Marino Grand Prix,2000-04-09,\N,http://en.wikipedia.org/wiki/2000_San_Marino_Grand_Prix,\N,\N,\N,\N,\N,\N,\N,\N,\N,\N
161,2000,4,9,British Grand Prix,2000-04-23,\N,http://en.wikipedia.org/wiki/2000_British_Grand_Prix,\N,\N,\N,\N,\N,\N,\N,\N,\N,\N
162,2000,5,4,Spanish Grand Prix,2000-05-07,\N,http://en.wikipedia.org/wiki/2000_Spanish_Grand_Prix,\N,\N,\N,\N,\N,\N,\N,\N,\N,\N
163,2000,6,20,European Grand Prix,2000-05-21,\N,http://en.wikipedia.org/wiki/2000_European_Grand_Prix,\N,\N,\N,\N,\N,\N,\N,\N,\N,\N
164,2000,7,6,Monaco Grand Prix,2000-06-04,\N,http://en.wikipedia.org/wiki/2000_Monaco_Grand_Prix,\N,\N,\N,\N,\N,\N,\N,\N,\N,\N
165,2000,8,7,Canadian Grand Prix,2000-06-18,\N,http://en.wikipedia.org/wiki/2000_Canadian_Grand_Prix,\N,\N,\N,\N,\N,\N,\N,\N,\N,\N
166,2000,9,8,French Grand Prix,2000-07-02,\N,http://en.wikipedia.org/wiki/2000_French_Grand_Prix,\N,\N,\N,\N,\N,\N,\N,\N,\N,\N
167,2000,10,70,Austrian Grand Prix,2000-07-16,\N,http://en.wikipedia.org/wiki/2000_Austrian_Grand_Prix,\N,\N,\N,\N,\N,\N,\N,\N,\N,\N
168,2000,11,10,German Grand Prix,2000-07-30,\N,http://en.wikipedia.org/wiki/2000_German_Grand_Prix,\N,\N,\N,\N,\N,\N,\N,\N,\N,\N
169,2000,12,11,Hungarian Grand Prix,2000-08-13,\N,http://en.wikipedia.org/wiki/2000_Hungarian_Grand_Prix,\N,\N,\N,\N,\N,\N,\N,\N,\N,\N
170,2000,13,13,Belgian Grand Prix,2000-08-27,\N,http://en.wikipedia.org/wiki/2000_Belgian_Grand_Prix,\N,\N,\N,\N,\N,\N,\N,\N,\N,\N
171,2000,14,14,Italian Grand Prix,2000-09-10,\N,http://en.wikipedia.org/wiki/2000_Italian_Grand_Prix,\N,\N,\N,\N,\N,\N,\N,\N,\N,\N
172,2000,15,19,United States Grand Prix,2000-09-24,\N,http://en.wikipedia.org/wiki/2000_United_States_Grand_Prix,\N,\N,\N,\N,\N,\N,\N,\N,\N,\N
173,2000,16,22,Japanese Grand Prix,2000-10-08,\N,http://en.wikipedia.org/wiki/2000_Japanese_Grand_Prix,\N,\N,\N,\N,\N,\N,\N,\N,\N,\N
174,2000,17,2,Malaysian Grand Prix,2000-10-22,\N,http://en.wikipedia.org/wiki/2000_Malaysian_Grand_Prix,\N,\N,\N,\N,\N,\N,\N,\N,\N,\N
141,2001,1,1,Australian Grand Prix,2001-03-04,\N,http://en.wikipedia.org/wiki/2001_Australian_Grand_Prix,\N,\N,\N,\N,\N,\N,\N,\N,\N,\N
142,2001,2,2,Malaysian Grand Prix,2001-03-18,\N,http://en.wikipedia.org/wiki/2001_Malaysian_Grand_Prix,\N,\N,\N,\N,\N,\N,\N,\N,\N,\N
143,2001,3,18,Brazilian Grand Prix,2001-04-01,\N,http://en.wikipedia.org/wiki/2001_Brazilian_Grand_Prix,\N,\N,\N,\N,\N,\N,\N,\N,\N,\N
144,2001,4,21,San Marino Grand Prix,2001-04-15,\N,http://en.wikipedia.org/wiki/2001_San_Marino_Grand_Prix,\N,\N,\N,\N,\N,\N,\N,\N,\N,\N
145,2001,5,4,Spanish Grand Prix,2001-04-29,\N,http://en.wikipedia.org/wiki/2001_Spanish_Grand_Prix,\N,\N,\N,\N,\N,\N,\N,\N,\N,\N
146,2001,6,70,Austrian Grand Prix,2001-05-13,\N,http://en.wikipedia.org/wiki/2001_Austrian_Grand_Prix,\N,\N,\N,\N,\N,\N,\N,\N,\N,\N
147,2001,7,6,Monaco Grand Prix,2001-05-27,\N,http://en.wikipedia.org/wiki/2001_Monaco_Grand_Prix,\N,\N,\N,\N,\N,\N,\N,\N,\N,\N
148,2001,8,7,Canadian Grand Prix,2001-06-10,\N,http://en.wikipedia.org/wiki/2001_Canadian_Grand_Prix,\N,\N,\N,\N,\N,\N,\N,\N,\N,\N
149,2001,9,20,European Grand Prix,2001-06-24,\N,http://en.wikipedia.org/wiki/2001_European_Grand_Prix,\N,\N,\N,\N,\N,\N,\N,\N,\N,\N
150,2001,10,8,French Grand Prix,2001-07-01,\N,http://en.wikipedia.org/wiki/2001_French_Grand_Prix,\N,\N,\N,\N,\N,\N,\N,\N,\N,\N
151,2001,11,9,British Grand Prix,2001-07-15,\N,http://en.wikipedia.org/wiki/2001_British_Grand_Prix,\N,\N,\N,\N,\N,\N,\N,\N,\N,\N
152,2001,12,10,German Grand Prix,2001-07-29,\N,http://en.wikipedia.org/wiki/2001_German_Grand_Prix,\N,\N,\N,\N,\N,\N,\N,\N,\N,\N
153,2001,13,11,Hungarian Grand Prix,2001-08-19,\N,http://en.wikipedia.org/wiki/2001_Hungarian_Grand_Prix,\N,\N,\N,\N,\N,\N,\N,\N,\N,\N
154,2001,14,13,Belgian Grand Prix,2001-09-02,\N,http://en.wikipedia.org/wiki/2001_Belgian_Grand_Prix,\N,\N,\N,\N,\N,\N,\N,\N,\N,\N
155,2001,15,14,Italian Grand Prix,2001-09-16,\N,http://en.wikipedia.org/wiki/2001_Italian_Grand_Prix,\N,\N,\N,\N,\N,\N,\N,\N,\N,\N
156,2001,16,19,United States Grand Prix,2001-09-30,\N,http://en.wikipedia.org/wiki/2001_United_States_Grand_Prix,\N,\N,\N,\N,\N,\N,\N,\N,\N,\N
157,2001,17,22,Japanese Grand Prix,2001-10-14,\N,http://en.wikipedia.org/wiki/2001_Japanese_Grand_Prix,\N,\N,\N,\N,\N,\N,\N,\N,\N,\N
124,2002,1,1,Australian Grand Prix,2002-03-03,\N,http://en.wikipedia.org/wiki/2002_Australian_Grand_Prix,\N,\N,\N,\N,\N,\N,\N,\N,\N,\N
125,2002,2,2,Malaysian Grand Prix,2002-03-17,\N,http://en.wikipedia.org/wiki/2002_Malaysian_Grand_Prix,\N,\N,\N,\N,\N,\N,\N,\N,\N,\N
126,2002,3,18,Brazilian Grand Prix,2002-03-31,\N,http://en.wikipedia.org/wiki/2002_Brazilian_Grand_Prix,\N,\N,\N,\N,\N,\N,\N,\N,\N,\N
127,2002,4,21,San Marino Grand Prix,2002-04-14,\N,http://en.wikipedia.org/wiki/2002_San_Marino_Grand_Prix,\N,\N,\N,\N,\N,\N,\N,\N,\N,\N
128,2002,5,4,Spanish Grand Prix,2002-04-28,\N,http://en.wikipedia.org/wiki/2002_Spanish_Grand_Prix,\N,\N,\N,\N,\N,\N,\N,\N,\N,\N
129,2002,6,70,Austrian Grand Prix,2002-05-12,\N,http://en.wikipedia.org/wiki/2002_Austrian_Grand_Prix,\N,\N,\N,\N,\N,\N,\N,\N,\N,\N
130,2002,7,6,Monaco Grand Prix,2002-05-26,\N,http://en.wikipedia.org/wiki/2002_Monaco_Grand_Prix,\N,\N,\N,\N,\N,\N,\N,\N,\N,\N
131,2002,8,7,Canadian Grand Prix,2002-06-09,\N,http://en.wikipedia.org/wiki/2002_Canadian_Grand_Prix,\N,\N,\N,\N,\N,\N,\N,\N,\N,\N
132,2002,9,20,European Grand Prix,2002-06-23,\N,http://en.wikipedia.org/wiki/2002_European_Grand_Prix,\N,\N,\N,\N,\N,\N,\N,\N,\N,\N
133,2002,10,9,British Grand Prix,2002-07-07,\N,http://en.wikipedia.org/wiki/2002_British_Grand_Prix,\N,\N,\N,\N,\N,\N,\N,\N,\N,\N
134,2002,11,8,French Grand Prix,2002-07-21,\N,http://en.wikipedia.org/wiki/2002_French_Grand_Prix,\N,\N,\N,\N,\N,\N,\N,\N,\N,\N
135,2002,12,10,German Grand Prix,2002-07-28,\N,http://en.wikipedia.org/wiki/2002_German_Grand_Prix,\N,\N,\N,\N,\N,\N,\N,\N,\N,\N
136,2002,13,11,Hungarian Grand Prix,2002-08-18,\N,http://en.wikipedia.org/wiki/2002_Hungarian_Grand_Prix,\N,\N,\N,\N,\N,\N,\N,\N,\N,\N
137,2002,14,13,Belgian Grand Prix,2002-09-01,\N,http://en.wikipedia.org/wiki/2002_Belgian_Grand_Prix,\N,\N,\N,\N,\N,\N,\N,\N,\N,\N
138,2002,15,14,Italian Grand Prix,2002-09-15,\N,http://en.wikipedia.org/wiki/2002_Italian_Grand_Prix,\N,\N,\N,\N,\N,\N,\N,\N,\N,\N
139,2002,16,19,United States Grand Prix,2002-09-29,\N,http://en.wikipedia.org/wiki/2002_United_States_Grand_Prix,\N,\N,\N,\N,\N,\N,\N,\N,\N,\N
140,2002,17,22,Japanese Grand Prix,2002-10-13,\N,http://en.wikipedia.org/wiki/2002_Japanese_Grand_Prix,\N,\N,\N,\N,\N,\N,\N,\N,\N,\N
108,2003,1,1,Australian Grand Prix,2003-03-09,\N,http://en.wikipedia.org/wiki/2003_Australian_Grand_Prix,\N,\N,\N,\N,\N,\N,\N,\N,\N,\N
109,2003,2,2,Malaysian Grand Prix,2003-03-23,\N,http://en.wikipedia.org/wiki/2003_Malaysian_Grand_Prix,\N,\N,\N,\N,\N,\N,\N,\N,\N,\N
110,2003,3,18,Brazilian Grand Prix,2003-04-06,\N,http://en.wikipedia.org/wiki/2003_Brazilian_Grand_Prix,\N,\N,\N,\N,\N,\N,\N,\N,\N,\N
111,2003,4,21,San Marino Grand Prix,2003-04-20,\N,http://en.wikipedia.org/wiki/2003_San_Marino_Grand_Prix,\N,\N,\N,\N,\N,\N,\N,\N,\N,\N
112,2003,5,4,Spanish Grand Prix,2003-05-04,\N,http://en.wikipedia.org/wiki/2003_Spanish_Grand_Prix,\N,\N,\N,\N,\N,\N,\N,\N,\N,\N
113,2003,6,70,Austrian Grand Prix,2003-05-18,\N,http://en.wikipedia.org/wiki/2003_Austrian_Grand_Prix,\N,\N,\N,\N,\N,\N,\N,\N,\N,\N
114,2003,7,6,Monaco Grand Prix,2003-06-01,\N,http://en.wikipedia.org/wiki/2003_Monaco_Grand_Prix,\N,\N,\N,\N,\N,\N,\N,\N,\N,\N
115,2003,8,7,Canadian Grand Prix,2003-06-15,\N,http://en.wikipedia.org/wiki/2003_Canadian_Grand_Prix,\N,\N,\N,\N,\N,\N,\N,\N,\N,\N
116,2003,9,20,European Grand Prix,2003-06-29,\N,http://en.wikipedia.org/wiki/2003_European_Grand_Prix,\N,\N,\N,\N,\N,\N,\N,\N,\N,\N
117,2003,10,8,French Grand Prix,2003-07-06,\N,http://en.wikipedia.org/wiki/2003_French_Grand_Prix,\N,\N,\N,\N,\N,\N,\N,\N,\N,\N
118,2003,11,9,British Grand Prix,2003-07-20,\N,http://en.wikipedia.org/wiki/2003_British_Grand_Prix,\N,\N,\N,\N,\N,\N,\N,\N,\N,\N
119,2003,12,10,German Grand Prix,2003-08-03,\N,http://en.wikipedia.org/wiki/2003_German_Grand_Prix,\N,\N,\N,\N,\N,\N,\N,\N,\N,\N
120,2003,13,11,Hungarian Grand Prix,2003-08-24,\N,http://en.wikipedia.org/wiki/2003_Hungarian_Grand_Prix,\N,\N,\N,\N,\N,\N,\N,\N,\N,\N
121,2003,14,14,Italian Grand Prix,2003-09-14,\N,http://en.wikipedia.org/wiki/2003_Italian_Grand_Prix,\N,\N,\N,\N,\N,\N,\N,\N,\N,\N
122,2003,15,19,United States Grand Prix,2003-09-28,\N,http://en.wikipedia.org/wiki/2003_United_States_Grand_Prix,\N,\N,\N,\N,\N,\N,\N,\N,\N,\N
123,2003,16,22,Japanese Grand Prix,2003-10-12,\N,http://en.wikipedia.org/wiki/2003_Japanese_Grand_Prix,\N,\N,\N,\N,\N,\N,\N,\N,\N,\N
90,2004,1,1,Australian Grand Prix,2004-03-07,\N,http://en.wikipedia.org/wiki/2004_Australian_Grand_Prix,\N,\N,\N,\N,\N,\N,\N,\N,\N,\N
91,2004,2,2,Malaysian Grand Prix,2004-03-21,\N,http://en.wikipedia.org/wiki/2004_Malaysian_Grand_Prix,\N,\N,\N,\N,\N,\N,\N,\N,\N,\N
92,2004,3,3,Bahrain Grand Prix,2004-04-04,\N,http://en.wikipedia.org/wiki/2004_Bahrain_Grand_Prix,\N,\N,\N,\N,\N,\N,\N,\N,\N,\N
93,2004,4,21,San Marino Grand Prix,2004-04-25,\N,http://en.wikipedia.org/wiki/2004_San_Marino_Grand_Prix,\N,\N,\N,\N,\N,\N,\N,\N,\N,\N
94,2004,5,4,Spanish Grand Prix,2004-05-09,\N,http://en.wikipedia.org/wiki/2004_Spanish_Grand_Prix,\N,\N,\N,\N,\N,\N,\N,\N,\N,\N
95,2004,6,6,Monaco Grand Prix,2004-05-23,\N,http://en.wikipedia.org/wiki/2004_Monaco_Grand_Prix,\N,\N,\N,\N,\N,\N,\N,\N,\N,\N
96,2004,7,20,European Grand Prix,2004-05-30,\N,http://en.wikipedia.org/wiki/2004_European_Grand_Prix,\N,\N,\N,\N,\N,\N,\N,\N,\N,\N
97,2004,8,7,Canadian Grand Prix,2004-06-13,\N,http://en.wikipedia.org/wiki/2004_Canadian_Grand_Prix,\N,\N,\N,\N,\N,\N,\N,\N,\N,\N
98,2004,9,19,United States Grand Prix,2004-06-20,\N,http://en.wikipedia.org/wiki/2004_United_States_Grand_Prix,\N,\N,\N,\N,\N,\N,\N,\N,\N,\N
99,2004,10,8,French Grand Prix,2004-07-04,\N,http://en.wikipedia.org/wiki/2004_French_Grand_Prix,\N,\N,\N,\N,\N,\N,\N,\N,\N,\N
100,2004,11,9,British Grand Prix,2004-07-11,\N,http://en.wikipedia.org/wiki/2004_British_Grand_Prix,\N,\N,\N,\N,\N,\N,\N,\N,\N,\N
101,2004,12,10,German Grand Prix,2004-07-25,\N,http://en.wikipedia.org/wiki/2004_German_Grand_Prix,\N,\N,\N,\N,\N,\N,\N,\N,\N,\N
102,2004,13,11,Hungarian Grand Prix,2004-08-15,\N,http://en.wikipedia.org/wiki/2004_Hungarian_Grand_Prix,\N,\N,\N,\N,\N,\N,\N,\N,\N,\N
103,2004,14,13,Belgian Grand Prix,2004-08-29,\N,http://en.wikipedia.org/wiki/2004_Belgian_Grand_Prix,\N,\N,\N,\N,\N,\N,\N,\N,\N,\N
104,2004,15,14,Italian Grand Prix,2004-09-12,\N,http://en.wikipedia.org/wiki/2004_Italian_Grand_Prix,\N,\N,\N,\N,\N,\N,\N,\N,\N,\N
105,2004,16,17,Chinese Grand Prix,2004-09-26,\N,http://en.wikipedia.org/wiki/2004_Chinese_Grand_Prix,\N,\N,\N,\N,\N,\N,\N,\N,\N,\N
106,2004,17,22,Japanese Grand Prix,2004-10-10,\N,http://en.wikipedia.org/wiki/2004_Japanese_Grand_Prix,\N,\N,\N,\N,\N,\N,\N,\N,\N,\N
107,2004,18,18,Brazilian Grand Prix,2004-10-24,\N,http://en.wikipedia.org/wiki/2004_Brazilian_Grand_Prix,\N,\N,\N,\N,\N,\N,\N,\N,\N,\N
71,2005,1,1,Australian Grand Prix,2005-03-06,14:00:00,http://en.wikipedia.org/wiki/2005_Australian_Grand_Prix,\N,\N,\N,\N,\N,\N,\N,\N,\N,\N
72,2005,2,2,Malaysian Grand Prix,2005-03-20,15:00:00,http://en.wikipedia.org/wiki/2005_Malaysian_Grand_Prix,\N,\N,\N,\N,\N,\N,\N,\N,\N,\N
73,2005,3,3,Bahrain Grand Prix,2005-04-03,14:30:00,http://en.wikipedia.org/wiki/2005_Bahrain_Grand_Prix,\N,\N,\N,\N,\N,\N,\N,\N,\N,\N
74,2005,4,21,San Marino Grand Prix,2005-04-24,14:00:00,http://en.wikipedia.org/wiki/2005_San_Marino_Grand_Prix,\N,\N,\N,\N,\N,\N,\N,\N,\N,\N
75,2005,5,4,Spanish Grand Prix,2005-05-08,14:00:00,http://en.wikipedia.org/wiki/2005_Spanish_Grand_Prix,\N,\N,\N,\N,\N,\N,\N,\N,\N,\N
76,2005,6,6,Monaco Grand Prix,2005-05-22,14:00:00,http://en.wikipedia.org/wiki/2005_Monaco_Grand_Prix,\N,\N,\N,\N,\N,\N,\N,\N,\N,\N
77,2005,7,20,European Grand Prix,2005-05-29,14:00:00,http://en.wikipedia.org/wiki/2005_European_Grand_Prix,\N,\N,\N,\N,\N,\N,\N,\N,\N,\N
78,2005,8,7,Canadian Grand Prix,2005-06-12,13:00:00,http://en.wikipedia.org/wiki/2005_Canadian_Grand_Prix,\N,\N,\N,\N,\N,\N,\N,\N,\N,\N
79,2005,9,19,United States Grand Prix,2005-06-19,14:00:00,http://en.wikipedia.org/wiki/2005_United_States_Grand_Prix,\N,\N,\N,\N,\N,\N,\N,\N,\N,\N
80,2005,10,8,French Grand Prix,2005-07-03,14:00:00,http://en.wikipedia.org/wiki/2005_French_Grand_Prix,\N,\N,\N,\N,\N,\N,\N,\N,\N,\N
81,2005,11,9,British Grand Prix,2005-07-10,14:00:00,http://en.wikipedia.org/wiki/2005_British_Grand_Prix,\N,\N,\N,\N,\N,\N,\N,\N,\N,\N
82,2005,12,10,German Grand Prix,2005-07-24,14:00:00,http://en.wikipedia.org/wiki/2005_German_Grand_Prix,\N,\N,\N,\N,\N,\N,\N,\N,\N,\N
83,2005,13,11,Hungarian Grand Prix,2005-07-31,14:00:00,http://en.wikipedia.org/wiki/2005_Hungarian_Grand_Prix,\N,\N,\N,\N,\N,\N,\N,\N,\N,\N
84,2005,14,5,Turkish Grand Prix,2005-08-21,15:00:00,http://en.wikipedia.org/wiki/2005_Turkish_Grand_Prix,\N,\N,\N,\N,\N,\N,\N,\N,\N,\N
85,2005,15,14,Italian Grand Prix,2005-09-04,14:00:00,http://en.wikipedia.org/wiki/2005_Italian_Grand_Prix,\N,\N,\N,\N,\N,\N,\N,\N,\N,\N
86,2005,16,13,Belgian Grand Prix,2005-09-11,14:00:00,http://en.wikipedia.org/wiki/2005_Belgian_Grand_Prix,\N,\N,\N,\N,\N,\N,\N,\N,\N,\N
87,2005,17,18,Brazilian Grand Prix,2005-09-25,14:00:00,http://en.wikipedia.org/wiki/2005_Brazilian_Grand_Prix,\N,\N,\N,\N,\N,\N,\N,\N,\N,\N
88,2005,18,22,Japanese Grand Prix,2005-10-09,14:00:00,http://en.wikipedia.org/wiki/2005_Japanese_Grand_Prix,\N,\N,\N,\N,\N,\N,\N,\N,\N,\N
89,2005,19,17,Chinese Grand Prix,2005-10-16,14:00:00,http://en.wikipedia.org/wiki/2005_Chinese_Grand_Prix,\N,\N,\N,\N,\N,\N,\N,\N,\N,\N
53,2006,1,3,Bahrain Grand Prix,2006-03-12,14:30:00,http://en.wikipedia.org/wiki/2006_Bahrain_Grand_Prix,\N,\N,\N,\N,\N,\N,\N,\N,\N,\N
54,2006,2,2,Malaysian Grand Prix,2006-03-19,15:00:00,http://en.wikipedia.org/wiki/2006_Malaysian_Grand_Prix,\N,\N,\N,\N,\N,\N,\N,\N,\N,\N
55,2006,3,1,Australian Grand Prix,2006-04-02,14:00:00,http://en.wikipedia.org/wiki/2006_Australian_Grand_Prix,\N,\N,\N,\N,\N,\N,\N,\N,\N,\N
56,2006,4,21,San Marino Grand Prix,2006-04-23,14:00:00,http://en.wikipedia.org/wiki/2006_San_Marino_Grand_Prix,\N,\N,\N,\N,\N,\N,\N,\N,\N,\N
57,2006,5,20,European Grand Prix,2006-05-07,14:00:00,http://en.wikipedia.org/wiki/2006_European_Grand_Prix,\N,\N,\N,\N,\N,\N,\N,\N,\N,\N
58,2006,6,4,Spanish Grand Prix,2006-05-14,14:00:00,http://en.wikipedia.org/wiki/2006_Spanish_Grand_Prix,\N,\N,\N,\N,\N,\N,\N,\N,\N,\N
59,2006,7,6,Monaco Grand Prix,2006-05-28,14:00:00,http://en.wikipedia.org/wiki/2006_Monaco_Grand_Prix,\N,\N,\N,\N,\N,\N,\N,\N,\N,\N
60,2006,8,9,British Grand Prix,2006-06-11,12:00:00,http://en.wikipedia.org/wiki/2006_British_Grand_Prix,\N,\N,\N,\N,\N,\N,\N,\N,\N,\N
61,2006,9,7,Canadian Grand Prix,2006-06-25,13:00:00,http://en.wikipedia.org/wiki/2006_Canadian_Grand_Prix,\N,\N,\N,\N,\N,\N,\N,\N,\N,\N
62,2006,10,19,United States Grand Prix,2006-07-02,14:00:00,http://en.wikipedia.org/wiki/2006_United_States_Grand_Prix,\N,\N,\N,\N,\N,\N,\N,\N,\N,\N
63,2006,11,8,French Grand Prix,2006-07-16,14:00:00,http://en.wikipedia.org/wiki/2006_French_Grand_Prix,\N,\N,\N,\N,\N,\N,\N,\N,\N,\N
64,2006,12,10,German Grand Prix,2006-07-30,14:00:00,http://en.wikipedia.org/wiki/2006_German_Grand_Prix,\N,\N,\N,\N,\N,\N,\N,\N,\N,\N
65,2006,13,11,Hungarian Grand Prix,2006-08-06,14:00:00,http://en.wikipedia.org/wiki/2006_Hungarian_Grand_Prix,\N,\N,\N,\N,\N,\N,\N,\N,\N,\N
66,2006,14,5,Turkish Grand Prix,2006-08-27,15:00:00,http://en.wikipedia.org/wiki/2006_Turkish_Grand_Prix,\N,\N,\N,\N,\N,\N,\N,\N,\N,\N
67,2006,15,14,Italian Grand Prix,2006-09-10,14:00:00,http://en.wikipedia.org/wiki/2006_Italian_Grand_Prix,\N,\N,\N,\N,\N,\N,\N,\N,\N,\N
68,2006,16,17,Chinese Grand Prix,2006-10-01,14:00:00,http://en.wikipedia.org/wiki/2006_Chinese_Grand_Prix,\N,\N,\N,\N,\N,\N,\N,\N,\N,\N
69,2006,17,22,Japanese Grand Prix,2006-10-08,14:00:00,http://en.wikipedia.org/wiki/2006_Japanese_Grand_Prix,\N,\N,\N,\N,\N,\N,\N,\N,\N,\N
70,2006,18,18,Brazilian Grand Prix,2006-10-22,14:00:00,http://en.wikipedia.org/wiki/2006_Brazilian_Grand_Prix,\N,\N,\N,\N,\N,\N,\N,\N,\N,\N
36,2007,1,1,Australian Grand Prix,2007-03-18,3:00:00,http://en.wikipedia.org/wiki/2007_Australian_Grand_Prix,\N,\N,\N,\N,\N,\N,\N,\N,\N,\N
37,2007,2,2,Malaysian Grand Prix,2007-04-08,7:00:00,http://en.wikipedia.org/wiki/2007_Malaysian_Grand_Prix,\N,\N,\N,\N,\N,\N,\N,\N,\N,\N
38,2007,3,3,Bahrain Grand Prix,2007-04-15,11:30:00,http://en.wikipedia.org/wiki/2007_Bahrain_Grand_Prix,\N,\N,\N,\N,\N,\N,\N,\N,\N,\N
39,2007,4,4,Spanish Grand Prix,2007-05-13,12:00:00,http://en.wikipedia.org/wiki/2007_Spanish_Grand_Prix,\N,\N,\N,\N,\N,\N,\N,\N,\N,\N
40,2007,5,6,Monaco Grand Prix,2007-05-27,12:00:00,http://en.wikipedia.org/wiki/2007_Monaco_Grand_Prix,\N,\N,\N,\N,\N,\N,\N,\N,\N,\N
41,2007,6,7,Canadian Grand Prix,2007-06-10,17:00:00,http://en.wikipedia.org/wiki/2007_Canadian_Grand_Prix,\N,\N,\N,\N,\N,\N,\N,\N,\N,\N
42,2007,7,19,United States Grand Prix,2007-06-17,17:00:00,http://en.wikipedia.org/wiki/2007_United_States_Grand_Prix,\N,\N,\N,\N,\N,\N,\N,\N,\N,\N
43,2007,8,8,French Grand Prix,2007-07-01,12:00:00,http://en.wikipedia.org/wiki/2007_French_Grand_Prix,\N,\N,\N,\N,\N,\N,\N,\N,\N,\N
44,2007,9,9,British Grand Prix,2007-07-08,12:00:00,http://en.wikipedia.org/wiki/2007_British_Grand_Prix,\N,\N,\N,\N,\N,\N,\N,\N,\N,\N
45,2007,10,20,European Grand Prix,2007-07-22,12:00:00,http://en.wikipedia.org/wiki/2007_European_Grand_Prix,\N,\N,\N,\N,\N,\N,\N,\N,\N,\N
46,2007,11,11,Hungarian Grand Prix,2007-08-05,12:00:00,http://en.wikipedia.org/wiki/2007_Hungarian_Grand_Prix,\N,\N,\N,\N,\N,\N,\N,\N,\N,\N
47,2007,12,5,Turkish Grand Prix,2007-08-26,12:00:00,http://en.wikipedia.org/wiki/2007_Turkish_Grand_Prix,\N,\N,\N,\N,\N,\N,\N,\N,\N,\N
48,2007,13,14,Italian Grand Prix,2007-09-09,12:00:00,http://en.wikipedia.org/wiki/2007_Italian_Grand_Prix,\N,\N,\N,\N,\N,\N,\N,\N,\N,\N
49,2007,14,13,Belgian Grand Prix,2007-09-16,12:00:00,http://en.wikipedia.org/wiki/2007_Belgian_Grand_Prix,\N,\N,\N,\N,\N,\N,\N,\N,\N,\N
50,2007,15,16,Japanese Grand Prix,2007-09-30,4:30:00,http://en.wikipedia.org/wiki/2007_Japanese_Grand_Prix,\N,\N,\N,\N,\N,\N,\N,\N,\N,\N
51,2007,16,17,Chinese Grand Prix,2007-10-07,6:00:00,http://en.wikipedia.org/wiki/2007_Chinese_Grand_Prix,\N,\N,\N,\N,\N,\N,\N,\N,\N,\N
52,2007,17,18,Brazilian Grand Prix,2007-10-21,16:00:00,http://en.wikipedia.org/wiki/2007_Brazilian_Grand_Prix,\N,\N,\N,\N,\N,\N,\N,\N,\N,\N
18,2008,1,1,Australian Grand Prix,2008-03-16,4:30:00,http://en.wikipedia.org/wiki/2008_Australian_Grand_Prix,\N,\N,\N,\N,\N,\N,\N,\N,\N,\N
19,2008,2,2,Malaysian Grand Prix,2008-03-23,7:00:00,http://en.wikipedia.org/wiki/2008_Malaysian_Grand_Prix,\N,\N,\N,\N,\N,\N,\N,\N,\N,\N
20,2008,3,3,Bahrain Grand Prix,2008-04-06,11:30:00,http://en.wikipedia.org/wiki/2008_Bahrain_Grand_Prix,\N,\N,\N,\N,\N,\N,\N,\N,\N,\N
21,2008,4,4,Spanish Grand Prix,2008-04-27,12:00:00,http://en.wikipedia.org/wiki/2008_Spanish_Grand_Prix,\N,\N,\N,\N,\N,\N,\N,\N,\N,\N
22,2008,5,5,Turkish Grand Prix,2008-05-11,12:00:00,http://en.wikipedia.org/wiki/2008_Turkish_Grand_Prix,\N,\N,\N,\N,\N,\N,\N,\N,\N,\N
23,2008,6,6,Monaco Grand Prix,2008-05-25,12:00:00,http://en.wikipedia.org/wiki/2008_Monaco_Grand_Prix,\N,\N,\N,\N,\N,\N,\N,\N,\N,\N
24,2008,7,7,Canadian Grand Prix,2008-06-08,17:00:00,http://en.wikipedia.org/wiki/2008_Canadian_Grand_Prix,\N,\N,\N,\N,\N,\N,\N,\N,\N,\N
25,2008,8,8,French Grand Prix,2008-06-22,12:00:00,http://en.wikipedia.org/wiki/2008_French_Grand_Prix,\N,\N,\N,\N,\N,\N,\N,\N,\N,\N
26,2008,9,9,British Grand Prix,2008-07-06,12:00:00,http://en.wikipedia.org/wiki/2008_British_Grand_Prix,\N,\N,\N,\N,\N,\N,\N,\N,\N,\N
27,2008,10,10,German Grand Prix,2008-07-20,12:00:00,http://en.wikipedia.org/wiki/2008_German_Grand_Prix,\N,\N,\N,\N,\N,\N,\N,\N,\N,\N
28,2008,11,11,Hungarian Grand Prix,2008-08-03,12:00:00,http://en.wikipedia.org/wiki/2008_Hungarian_Grand_Prix,\N,\N,\N,\N,\N,\N,\N,\N,\N,\N
29,2008,12,12,European Grand Prix,2008-08-24,12:00:00,http://en.wikipedia.org/wiki/2008_European_Grand_Prix,\N,\N,\N,\N,\N,\N,\N,\N,\N,\N
30,2008,13,13,Belgian Grand Prix,2008-09-07,12:00:00,http://en.wikipedia.org/wiki/2008_Belgian_Grand_Prix,\N,\N,\N,\N,\N,\N,\N,\N,\N,\N
31,2008,14,14,Italian Grand Prix,2008-09-14,12:00:00,http://en.wikipedia.org/wiki/2008_Italian_Grand_Prix,\N,\N,\N,\N,\N,\N,\N,\N,\N,\N
32,2008,15,15,Singapore Grand Prix,2008-09-28,12:00:00,http://en.wikipedia.org/wiki/2008_Singapore_Grand_Prix,\N,\N,\N,\N,\N,\N,\N,\N,\N,\N
33,2008,16,16,Japanese Grand Prix,2008-10-12,4:30:00,http://en.wikipedia.org/wiki/2008_Japanese_Grand_Prix,\N,\N,\N,\N,\N,\N,\N,\N,\N,\N
34,2008,17,17,Chinese Grand Prix,2008-10-19,7:00:00,http://en.wikipedia.org/wiki/2008_Chinese_Grand_Prix,\N,\N,\N,\N,\N,\N,\N,\N,\N,\N
35,2008,18,18,Brazilian Grand Prix,2008-11-02,17:00:00,http://en.wikipedia.org/wiki/2008_Brazilian_Grand_Prix,\N,\N,\N,\N,\N,\N,\N,\N,\N,\N
1,2009,1,1,Australian Grand Prix,2009-03-29,6:00:00,http://en.wikipedia.org/wiki/2009_Australian_Grand_Prix,\N,\N,\N,\N,\N,\N,\N,\N,\N,\N
2,2009,2,2,Malaysian Grand Prix,2009-04-05,9:00:00,http://en.wikipedia.org/wiki/2009_Malaysian_Grand_Prix,\N,\N,\N,\N,\N,\N,\N,\N,\N,\N
3,2009,3,17,Chinese Grand Prix,2009-04-19,7:00:00,http://en.wikipedia.org/wiki/2009_Chinese_Grand_Prix,\N,\N,\N,\N,\N,\N,\N,\N,\N,\N
4,2009,4,3,Bahrain Grand Prix,2009-04-26,12:00:00,http://en.wikipedia.org/wiki/2009_Bahrain_Grand_Prix,\N,\N,\N,\N,\N,\N,\N,\N,\N,\N
5,2009,5,4,Spanish Grand Prix,2009-05-10,12:00:00,http://en.wikipedia.org/wiki/2009_Spanish_Grand_Prix,\N,\N,\N,\N,\N,\N,\N,\N,\N,\N
6,2009,6,6,Monaco Grand Prix,2009-05-24,12:00:00,http://en.wikipedia.org/wiki/2009_Monaco_Grand_Prix,\N,\N,\N,\N,\N,\N,\N,\N,\N,\N
7,2009,7,5,Turkish Grand Prix,2009-06-07,12:00:00,http://en.wikipedia.org/wiki/2009_Turkish_Grand_Prix,\N,\N,\N,\N,\N,\N,\N,\N,\N,\N
8,2009,8,9,British Grand Prix,2009-06-21,12:00:00,http://en.wikipedia.org/wiki/2009_British_Grand_Prix,\N,\N,\N,\N,\N,\N,\N,\N,\N,\N
9,2009,9,20,German Grand Prix,2009-07-12,12:00:00,http://en.wikipedia.org/wiki/2009_German_Grand_Prix,\N,\N,\N,\N,\N,\N,\N,\N,\N,\N
10,2009,10,11,Hungarian Grand Prix,2009-07-26,12:00:00,http://en.wikipedia.org/wiki/2009_Hungarian_Grand_Prix,\N,\N,\N,\N,\N,\N,\N,\N,\N,\N
11,2009,11,12,European Grand Prix,2009-08-23,12:00:00,http://en.wikipedia.org/wiki/2009_European_Grand_Prix,\N,\N,\N,\N,\N,\N,\N,\N,\N,\N
12,2009,12,13,Belgian Grand Prix,2009-08-30,12:00:00,http://en.wikipedia.org/wiki/2009_Belgian_Grand_Prix,\N,\N,\N,\N,\N,\N,\N,\N,\N,\N
13,2009,13,14,Italian Grand Prix,2009-09-13,12:00:00,http://en.wikipedia.org/wiki/2009_Italian_Grand_Prix,\N,\N,\N,\N,\N,\N,\N,\N,\N,\N
14,2009,14,15,Singapore Grand Prix,2009-09-27,12:00:00,http://en.wikipedia.org/wiki/2009_Singapore_Grand_Prix,\N,\N,\N,\N,\N,\N,\N,\N,\N,\N
15,2009,15,22,Japanese Grand Prix,2009-10-04,5:00:00,http://en.wikipedia.org/wiki/2009_Japanese_Grand_Prix,\N,\N,\N,\N,\N,\N,\N,\N,\N,\N
16,2009,16,18,Brazilian Grand Prix,2009-10-18,16:00:00,http://en.wikipedia.org/wiki/2009_Brazilian_Grand_Prix,\N,\N,\N,\N,\N,\N,\N,\N,\N,\N
17,2009,17,24,Abu Dhabi Grand Prix,2009-11-01,11:00:00,http://en.wikipedia.org/wiki/2009_Abu_Dhabi_Grand_Prix,\N,\N,\N,\N,\N,\N,\N,\N,\N,\N
337,2010,1,3,Bahrain Grand Prix,2010-03-14,12:00:00,http://en.wikipedia.org/wiki/2010_Bahrain_Grand_Prix,\N,\N,\N,\N,\N,\N,\N,\N,\N,\N
338,2010,2,1,Australian Grand Prix,2010-03-28,6:00:00,http://en.wikipedia.org/wiki/2010_Australian_Grand_Prix,\N,\N,\N,\N,\N,\N,\N,\N,\N,\N
339,2010,3,2,Malaysian Grand Prix,2010-04-04,8:00:00,http://en.wikipedia.org/wiki/2010_Malaysian_Grand_Prix,\N,\N,\N,\N,\N,\N,\N,\N,\N,\N
340,2010,4,17,Chinese Grand Prix,2010-04-18,6:00:00,http://en.wikipedia.org/wiki/2010_Chinese_Grand_Prix,\N,\N,\N,\N,\N,\N,\N,\N,\N,\N
341,2010,5,4,Spanish Grand Prix,2010-05-09,12:00:00,http://en.wikipedia.org/wiki/2010_Spanish_Grand_Prix,\N,\N,\N,\N,\N,\N,\N,\N,\N,\N
342,2010,6,6,Monaco Grand Prix,2010-05-16,12:00:00,http://en.wikipedia.org/wiki/2010_Monaco_Grand_Prix,\N,\N,\N,\N,\N,\N,\N,\N,\N,\N
343,2010,7,5,Turkish Grand Prix,2010-05-30,11:00:00,http://en.wikipedia.org/wiki/2010_Turkish_Grand_Prix,\N,\N,\N,\N,\N,\N,\N,\N,\N,\N
344,2010,8,7,Canadian Grand Prix,2010-06-13,16:00:00,http://en.wikipedia.org/wiki/2010_Canadian_Grand_Prix,\N,\N,\N,\N,\N,\N,\N,\N,\N,\N
345,2010,9,12,European Grand Prix,2010-06-27,12:00:00,http://en.wikipedia.org/wiki/2010_European_Grand_Prix,\N,\N,\N,\N,\N,\N,\N,\N,\N,\N
346,2010,10,9,British Grand Prix,2010-07-11,12:00:00,http://en.wikipedia.org/wiki/2010_British_Grand_Prix,\N,\N,\N,\N,\N,\N,\N,\N,\N,\N
347,2010,11,10,German Grand Prix,2010-07-25,12:00:00,http://en.wikipedia.org/wiki/2010_German_Grand_Prix,\N,\N,\N,\N,\N,\N,\N,\N,\N,\N
348,2010,12,11,Hungarian Grand Prix,2010-08-01,12:00:00,http://en.wikipedia.org/wiki/2010_Hungarian_Grand_Prix,\N,\N,\N,\N,\N,\N,\N,\N,\N,\N
349,2010,13,13,Belgian Grand Prix,2010-08-29,12:00:00,http://en.wikipedia.org/wiki/2010_Belgian_Grand_Prix,\N,\N,\N,\N,\N,\N,\N,\N,\N,\N
350,2010,14,14,Italian Grand Prix,2010-09-12,12:00:00,http://en.wikipedia.org/wiki/2010_Italian_Grand_Prix,\N,\N,\N,\N,\N,\N,\N,\N,\N,\N
351,2010,15,15,Singapore Grand Prix,2010-09-26,12:00:00,http://en.wikipedia.org/wiki/2010_Singapore_Grand_Prix,\N,\N,\N,\N,\N,\N,\N,\N,\N,\N
352,2010,16,22,Japanese Grand Prix,2010-10-10,6:00:00,http://en.wikipedia.org/wiki/2010_Japanese_Grand_Prix,\N,\N,\N,\N,\N,\N,\N,\N,\N,\N
353,2010,17,35,Korean Grand Prix,2010-10-24,5:00:00,http://en.wikipedia.org/wiki/2010_Korean_Grand_Prix,\N,\N,\N,\N,\N,\N,\N,\N,\N,\N
354,2010,18,18,Brazilian Grand Prix,2010-11-07,16:00:00,http://en.wikipedia.org/wiki/2010_Brazilian_Grand_Prix,\N,\N,\N,\N,\N,\N,\N,\N,\N,\N
355,2010,19,24,Abu Dhabi Grand Prix,2010-11-14,13:00:00,http://en.wikipedia.org/wiki/2010_Abu_Dhabi_Grand_Prix,\N,\N,\N,\N,\N,\N,\N,\N,\N,\N
841,2011,1,1,Australian Grand Prix,2011-03-27,6:00:00,http://en.wikipedia.org/wiki/2011_Australian_Grand_Prix,\N,\N,\N,\N,\N,\N,\N,\N,\N,\N
842,2011,2,2,Malaysian Grand Prix,2011-04-10,8:00:00,http://en.wikipedia.org/wiki/2011_Malaysian_Grand_Prix,\N,\N,\N,\N,\N,\N,\N,\N,\N,\N
843,2011,3,17,Chinese Grand Prix,2011-04-17,7:00:00,http://en.wikipedia.org/wiki/2011_Chinese_Grand_Prix,\N,\N,\N,\N,\N,\N,\N,\N,\N,\N
844,2011,4,5,Turkish Grand Prix,2011-05-08,12:00:00,http://en.wikipedia.org/wiki/2011_Turkish_Grand_Prix,\N,\N,\N,\N,\N,\N,\N,\N,\N,\N
845,2011,5,4,Spanish Grand Prix,2011-05-22,12:00:00,http://en.wikipedia.org/wiki/2011_Spanish_Grand_Prix,\N,\N,\N,\N,\N,\N,\N,\N,\N,\N
846,2011,6,6,Monaco Grand Prix,2011-05-29,12:00:00,http://en.wikipedia.org/wiki/2011_Monaco_Grand_Prix,\N,\N,\N,\N,\N,\N,\N,\N,\N,\N
847,2011,7,7,Canadian Grand Prix,2011-06-12,17:00:00,http://en.wikipedia.org/wiki/2011_Canadian_Grand_Prix,\N,\N,\N,\N,\N,\N,\N,\N,\N,\N
848,2011,8,12,European Grand Prix,2011-06-26,12:00:00,http://en.wikipedia.org/wiki/2011_European_Grand_Prix,\N,\N,\N,\N,\N,\N,\N,\N,\N,\N
849,2011,9,9,British Grand Prix,2011-07-10,12:00:00,http://en.wikipedia.org/wiki/2011_British_Grand_Prix,\N,\N,\N,\N,\N,\N,\N,\N,\N,\N
850,2011,10,20,German Grand Prix,2011-07-24,12:00:00,http://en.wikipedia.org/wiki/2011_German_Grand_Prix,\N,\N,\N,\N,\N,\N,\N,\N,\N,\N
851,2011,11,11,Hungarian Grand Prix,2011-07-31,12:00:00,http://en.wikipedia.org/wiki/2011_Hungarian_Grand_Prix,\N,\N,\N,\N,\N,\N,\N,\N,\N,\N
852,2011,12,13,Belgian Grand Prix,2011-08-28,12:00:00,http://en.wikipedia.org/wiki/2011_Belgian_Grand_Prix,\N,\N,\N,\N,\N,\N,\N,\N,\N,\N
853,2011,13,14,Italian Grand Prix,2011-09-11,12:00:00,http://en.wikipedia.org/wiki/2011_Italian_Grand_Prix,\N,\N,\N,\N,\N,\N,\N,\N,\N,\N
854,2011,14,15,Singapore Grand Prix,2011-09-25,12:00:00,http://en.wikipedia.org/wiki/2011_Singapore_Grand_Prix,\N,\N,\N,\N,\N,\N,\N,\N,\N,\N
855,2011,15,22,Japanese Grand Prix,2011-10-09,6:00:00,http://en.wikipedia.org/wiki/2011_Japanese_Grand_Prix,\N,\N,\N,\N,\N,\N,\N,\N,\N,\N
856,2011,16,35,Korean Grand Prix,2011-10-16,6:00:00,http://en.wikipedia.org/wiki/2011_Korean_Grand_Prix,\N,\N,\N,\N,\N,\N,\N,\N,\N,\N
857,2011,17,68,Indian Grand Prix,2011-10-30,9:30:00,http://en.wikipedia.org/wiki/2011_Indian_Grand_Prix,\N,\N,\N,\N,\N,\N,\N,\N,\N,\N
858,2011,18,24,Abu Dhabi Grand Prix,2011-11-13,13:00:00,http://en.wikipedia.org/wiki/2011_Abu_Dhabi_Grand_Prix,\N,\N,\N,\N,\N,\N,\N,\N,\N,\N
859,2011,19,18,Brazilian Grand Prix,2011-11-27,16:00:00,http://en.wikipedia.org/wiki/2011_Brazilian_Grand_Prix,\N,\N,\N,\N,\N,\N,\N,\N,\N,\N
860,2012,1,1,Australian Grand Prix,2012-03-18,6:00:00,http://en.wikipedia.org/wiki/2012_Australian_Grand_Prix,\N,\N,\N,\N,\N,\N,\N,\N,\N,\N
861,2012,2,2,Malaysian Grand Prix,2012-03-25,8:00:00,http://en.wikipedia.org/wiki/2012_Malaysian_Grand_Prix,\N,\N,\N,\N,\N,\N,\N,\N,\N,\N
862,2012,3,17,Chinese Grand Prix,2012-04-15,7:00:00,http://en.wikipedia.org/wiki/2012_Chinese_Grand_Prix,\N,\N,\N,\N,\N,\N,\N,\N,\N,\N
863,2012,4,3,Bahrain Grand Prix,2012-04-22,12:00:00,http://en.wikipedia.org/wiki/2012_Bahrain_Grand_Prix,\N,\N,\N,\N,\N,\N,\N,\N,\N,\N
864,2012,5,4,Spanish Grand Prix,2012-05-13,12:00:00,http://en.wikipedia.org/wiki/2012_Spanish_Grand_Prix,\N,\N,\N,\N,\N,\N,\N,\N,\N,\N
865,2012,6,6,Monaco Grand Prix,2012-05-27,12:00:00,http://en.wikipedia.org/wiki/2012_Monaco_Grand_Prix,\N,\N,\N,\N,\N,\N,\N,\N,\N,\N
866,2012,7,7,Canadian Grand Prix,2012-06-10,18:00:00,http://en.wikipedia.org/wiki/2012_Canadian_Grand_Prix,\N,\N,\N,\N,\N,\N,\N,\N,\N,\N
867,2012,8,12,European Grand Prix,2012-06-24,12:00:00,http://en.wikipedia.org/wiki/2012_European_Grand_Prix,\N,\N,\N,\N,\N,\N,\N,\N,\N,\N
868,2012,9,9,British Grand Prix,2012-07-08,12:00:00,http://en.wikipedia.org/wiki/2012_British_Grand_Prix,\N,\N,\N,\N,\N,\N,\N,\N,\N,\N
869,2012,10,10,German Grand Prix,2012-07-22,12:00:00,http://en.wikipedia.org/wiki/2012_German_Grand_Prix,\N,\N,\N,\N,\N,\N,\N,\N,\N,\N
870,2012,11,11,Hungarian Grand Prix,2012-07-29,12:00:00,http://en.wikipedia.org/wiki/2012_Hungarian_Grand_Prix,\N,\N,\N,\N,\N,\N,\N,\N,\N,\N
871,2012,12,13,Belgian Grand Prix,2012-09-02,12:00:00,http://en.wikipedia.org/wiki/2012_Belgian_Grand_Prix,\N,\N,\N,\N,\N,\N,\N,\N,\N,\N
872,2012,13,14,Italian Grand Prix,2012-09-09,12:00:00,http://en.wikipedia.org/wiki/2012_Italian_Grand_Prix,\N,\N,\N,\N,\N,\N,\N,\N,\N,\N
873,2012,14,15,Singapore Grand Prix,2012-09-23,12:00:00,http://en.wikipedia.org/wiki/2012_Singapore_Grand_Prix,\N,\N,\N,\N,\N,\N,\N,\N,\N,\N
874,2012,15,22,Japanese Grand Prix,2012-10-07,6:00:00,http://en.wikipedia.org/wiki/2012_Japanese_Grand_Prix,\N,\N,\N,\N,\N,\N,\N,\N,\N,\N
875,2012,16,35,Korean Grand Prix,2012-10-14,6:00:00,http://en.wikipedia.org/wiki/2012_Korean_Grand_Prix,\N,\N,\N,\N,\N,\N,\N,\N,\N,\N
876,2012,17,68,Indian Grand Prix,2012-10-28,9:30:00,http://en.wikipedia.org/wiki/2012_Indian_Grand_Prix,\N,\N,\N,\N,\N,\N,\N,\N,\N,\N
877,2012,18,24,Abu Dhabi Grand Prix,2012-11-04,13:00:00,http://en.wikipedia.org/wiki/2012_Abu_Dhabi_Grand_Prix,\N,\N,\N,\N,\N,\N,\N,\N,\N,\N
878,2012,19,69,United States Grand Prix,2012-11-18,19:00:00,http://en.wikipedia.org/wiki/2012_United_States_Grand_Prix,\N,\N,\N,\N,\N,\N,\N,\N,\N,\N
879,2012,20,18,Brazilian Grand Prix,2012-11-25,16:00:00,http://en.wikipedia.org/wiki/2012_Brazilian_Grand_Prix,\N,\N,\N,\N,\N,\N,\N,\N,\N,\N
880,2013,1,1,Australian Grand Prix,2013-03-17,6:00:00,http://en.wikipedia.org/wiki/2013_Australian_Grand_Prix,\N,\N,\N,\N,\N,\N,\N,\N,\N,\N
881,2013,2,2,Malaysian Grand Prix,2013-03-24,8:00:00,http://en.wikipedia.org/wiki/2013_Malaysian_Grand_Prix,\N,\N,\N,\N,\N,\N,\N,\N,\N,\N
882,2013,3,17,Chinese Grand Prix,2013-04-14,7:00:00,http://en.wikipedia.org/wiki/2013_Chinese_Grand_Prix,\N,\N,\N,\N,\N,\N,\N,\N,\N,\N
883,2013,4,3,Bahrain Grand Prix,2013-04-21,12:00:00,http://en.wikipedia.org/wiki/2013_Bahrain_Grand_Prix,\N,\N,\N,\N,\N,\N,\N,\N,\N,\N
884,2013,5,4,Spanish Grand Prix,2013-05-12,12:00:00,http://en.wikipedia.org/wiki/2013_Spanish_Grand_Prix,\N,\N,\N,\N,\N,\N,\N,\N,\N,\N
885,2013,6,6,Monaco Grand Prix,2013-05-26,12:00:00,http://en.wikipedia.org/wiki/2013_Monaco_Grand_Prix,\N,\N,\N,\N,\N,\N,\N,\N,\N,\N
886,2013,7,7,Canadian Grand Prix,2013-06-09,18:00:00,http://en.wikipedia.org/wiki/2013_Canadian_Grand_Prix,\N,\N,\N,\N,\N,\N,\N,\N,\N,\N
887,2013,8,9,British Grand Prix,2013-06-30,12:00:00,http://en.wikipedia.org/wiki/2013_British_Grand_Prix,\N,\N,\N,\N,\N,\N,\N,\N,\N,\N
888,2013,9,20,German Grand Prix,2013-07-07,12:00:00,http://en.wikipedia.org/wiki/2013_German_Grand_Prix,\N,\N,\N,\N,\N,\N,\N,\N,\N,\N
890,2013,10,11,Hungarian Grand Prix,2013-07-28,12:00:00,http://en.wikipedia.org/wiki/2013_Hungarian_Grand_Prix,\N,\N,\N,\N,\N,\N,\N,\N,\N,\N
891,2013,11,13,Belgian Grand Prix,2013-08-25,12:00:00,http://en.wikipedia.org/wiki/2013_Belgian_Grand_Prix,\N,\N,\N,\N,\N,\N,\N,\N,\N,\N
892,2013,12,14,Italian Grand Prix,2013-09-08,12:00:00,http://en.wikipedia.org/wiki/2013_Italian_Grand_Prix,\N,\N,\N,\N,\N,\N,\N,\N,\N,\N
893,2013,13,15,Singapore Grand Prix,2013-09-22,12:00:00,http://en.wikipedia.org/wiki/2013_Singapore_Grand_Prix,\N,\N,\N,\N,\N,\N,\N,\N,\N,\N
894,2013,14,35,Korean Grand Prix,2013-10-06,6:00:00,http://en.wikipedia.org/wiki/2013_Korean_Grand_Prix,\N,\N,\N,\N,\N,\N,\N,\N,\N,\N
895,2013,15,22,Japanese Grand Prix,2013-10-13,6:00:00,http://en.wikipedia.org/wiki/2013_Japanese_Grand_Prix,\N,\N,\N,\N,\N,\N,\N,\N,\N,\N
896,2013,16,68,Indian Grand Prix,2013-10-27,9:30:00,http://en.wikipedia.org/wiki/2013_Indian_Grand_Prix,\N,\N,\N,\N,\N,\N,\N,\N,\N,\N
897,2013,17,24,Abu Dhabi Grand Prix,2013-11-03,13:00:00,http://en.wikipedia.org/wiki/2013_Abu_Dhabi_Grand_Prix,\N,\N,\N,\N,\N,\N,\N,\N,\N,\N
898,2013,18,69,United States Grand Prix,2013-11-17,19:00:00,http://en.wikipedia.org/wiki/2013_United_States_Grand_Prix,\N,\N,\N,\N,\N,\N,\N,\N,\N,\N
899,2013,19,18,Brazilian Grand Prix,2013-11-24,16:00:00,http://en.wikipedia.org/wiki/2013_Brazilian_Grand_Prix,\N,\N,\N,\N,\N,\N,\N,\N,\N,\N
900,2014,1,1,Australian Grand Prix,2014-03-16,6:00:00,http://en.wikipedia.org/wiki/2014_Australian_Grand_Prix,\N,\N,\N,\N,\N,\N,\N,\N,\N,\N
901,2014,2,2,Malaysian Grand Prix,2014-03-30,8:00:00,http://en.wikipedia.org/wiki/2014_Malaysian_Grand_Prix,\N,\N,\N,\N,\N,\N,\N,\N,\N,\N
902,2014,3,3,Bahrain Grand Prix,2014-04-06,15:00:00,http://en.wikipedia.org/wiki/2014_Bahrain_Grand_Prix,\N,\N,\N,\N,\N,\N,\N,\N,\N,\N
903,2014,4,17,Chinese Grand Prix,2014-04-20,7:00:00,http://en.wikipedia.org/wiki/2014_Chinese_Grand_Prix,\N,\N,\N,\N,\N,\N,\N,\N,\N,\N
904,2014,5,4,Spanish Grand Prix,2014-05-11,12:00:00,http://en.wikipedia.org/wiki/2014_Spanish_Grand_Prix,\N,\N,\N,\N,\N,\N,\N,\N,\N,\N
905,2014,6,6,Monaco Grand Prix,2014-05-25,12:00:00,http://en.wikipedia.org/wiki/2014_Monaco_Grand_Prix,\N,\N,\N,\N,\N,\N,\N,\N,\N,\N
906,2014,7,7,Canadian Grand Prix,2014-06-08,18:00:00,http://en.wikipedia.org/wiki/2014_Canadian_Grand_Prix,\N,\N,\N,\N,\N,\N,\N,\N,\N,\N
907,2014,8,70,Austrian Grand Prix,2014-06-22,12:00:00,http://en.wikipedia.org/wiki/2014_Austrian_Grand_Prix,\N,\N,\N,\N,\N,\N,\N,\N,\N,\N
908,2014,9,9,British Grand Prix,2014-07-06,12:00:00,http://en.wikipedia.org/wiki/2014_British_Grand_Prix,\N,\N,\N,\N,\N,\N,\N,\N,\N,\N
909,2014,10,10,German Grand Prix,2014-07-20,12:00:00,http://en.wikipedia.org/wiki/2014_German_Grand_Prix,\N,\N,\N,\N,\N,\N,\N,\N,\N,\N
910,2014,11,11,Hungarian Grand Prix,2014-07-27,12:00:00,http://en.wikipedia.org/wiki/2014_Hungarian_Grand_Prix,\N,\N,\N,\N,\N,\N,\N,\N,\N,\N
911,2014,12,13,Belgian Grand Prix,2014-08-24,12:00:00,http://en.wikipedia.org/wiki/2014_Belgian_Grand_Prix,\N,\N,\N,\N,\N,\N,\N,\N,\N,\N
912,2014,13,14,Italian Grand Prix,2014-09-07,12:00:00,http://en.wikipedia.org/wiki/2014_Italian_Grand_Prix,\N,\N,\N,\N,\N,\N,\N,\N,\N,\N
913,2014,14,15,Singapore Grand Prix,2014-09-21,12:00:00,http://en.wikipedia.org/wiki/2014_Singapore_Grand_Prix,\N,\N,\N,\N,\N,\N,\N,\N,\N,\N
914,2014,15,22,Japanese Grand Prix,2014-10-05,6:00:00,http://en.wikipedia.org/wiki/2014_Japanese_Grand_Prix,\N,\N,\N,\N,\N,\N,\N,\N,\N,\N
915,2014,16,71,Russian Grand Prix,2014-10-12,11:00:00,http://en.wikipedia.org/wiki/2014_Russian_Grand_Prix,\N,\N,\N,\N,\N,\N,\N,\N,\N,\N
916,2014,17,69,United States Grand Prix,2014-11-02,20:00:00,http://en.wikipedia.org/wiki/2014_United_States_Grand_Prix,\N,\N,\N,\N,\N,\N,\N,\N,\N,\N
917,2014,18,18,Brazilian Grand Prix,2014-11-09,16:00:00,http://en.wikipedia.org/wiki/2014_Brazilian_Grand_Prix,\N,\N,\N,\N,\N,\N,\N,\N,\N,\N
918,2014,19,24,Abu Dhabi Grand Prix,2014-11-23,13:00:00,http://en.wikipedia.org/wiki/2014_Abu_Dhabi_Grand_Prix,\N,\N,\N,\N,\N,\N,\N,\N,\N,\N
931,2015,6,6,Monaco Grand Prix,2015-05-24,12:00:00,http://en.wikipedia.org/wiki/2015_Monaco_Grand_Prix,\N,\N,\N,\N,\N,\N,\N,\N,\N,\N
932,2015,7,7,Canadian Grand Prix,2015-06-07,18:00:00,http://en.wikipedia.org/wiki/2015_Canadian_Grand_Prix,\N,\N,\N,\N,\N,\N,\N,\N,\N,\N
929,2015,4,3,Bahrain Grand Prix,2015-04-19,15:00:00,http://en.wikipedia.org/wiki/2015_Bahrain_Grand_Prix,\N,\N,\N,\N,\N,\N,\N,\N,\N,\N
930,2015,5,4,Spanish Grand Prix,2015-05-10,12:00:00,http://en.wikipedia.org/wiki/2015_Spanish_Grand_Prix,\N,\N,\N,\N,\N,\N,\N,\N,\N,\N
928,2015,3,17,Chinese Grand Prix,2015-04-12,6:00:00,http://en.wikipedia.org/wiki/2015_Chinese_Grand_Prix,\N,\N,\N,\N,\N,\N,\N,\N,\N,\N
926,2015,1,1,Australian Grand Prix,2015-03-15,5:00:00,http://en.wikipedia.org/wiki/2015_Australian_Grand_Prix,\N,\N,\N,\N,\N,\N,\N,\N,\N,\N
927,2015,2,2,Malaysian Grand Prix,2015-03-29,7:00:00,http://en.wikipedia.org/wiki/2015_Malaysian_Grand_Prix,\N,\N,\N,\N,\N,\N,\N,\N,\N,\N
933,2015,8,70,Austrian Grand Prix,2015-06-21,12:00:00,http://en.wikipedia.org/wiki/2015_Austrian_Grand_Prix,\N,\N,\N,\N,\N,\N,\N,\N,\N,\N
934,2015,9,9,British Grand Prix,2015-07-05,12:00:00,http://en.wikipedia.org/wiki/2015_British_Grand_Prix,\N,\N,\N,\N,\N,\N,\N,\N,\N,\N
936,2015,10,11,Hungarian Grand Prix,2015-07-26,12:00:00,http://en.wikipedia.org/wiki/2015_Hungarian_Grand_Prix,\N,\N,\N,\N,\N,\N,\N,\N,\N,\N
937,2015,11,13,Belgian Grand Prix,2015-08-23,12:00:00,http://en.wikipedia.org/wiki/2015_Belgian_Grand_Prix,\N,\N,\N,\N,\N,\N,\N,\N,\N,\N
938,2015,12,14,Italian Grand Prix,2015-09-06,12:00:00,http://en.wikipedia.org/wiki/2015_Italian_Grand_Prix,\N,\N,\N,\N,\N,\N,\N,\N,\N,\N
939,2015,13,15,Singapore Grand Prix,2015-09-20,12:00:00,http://en.wikipedia.org/wiki/2015_Singapore_Grand_Prix,\N,\N,\N,\N,\N,\N,\N,\N,\N,\N
940,2015,14,22,Japanese Grand Prix,2015-09-27,5:00:00,http://en.wikipedia.org/wiki/2015_Japanese_Grand_Prix,\N,\N,\N,\N,\N,\N,\N,\N,\N,\N
941,2015,15,71,Russian Grand Prix,2015-10-11,11:00:00,http://en.wikipedia.org/wiki/2015_Russian_Grand_Prix,\N,\N,\N,\N,\N,\N,\N,\N,\N,\N
942,2015,16,69,United States Grand Prix,2015-10-25,19:00:00,http://en.wikipedia.org/wiki/2015_United_States_Grand_Prix,\N,\N,\N,\N,\N,\N,\N,\N,\N,\N
943,2015,17,32,Mexican Grand Prix,2015-11-01,19:00:00,http://en.wikipedia.org/wiki/2015_Mexican_Grand_Prix,\N,\N,\N,\N,\N,\N,\N,\N,\N,\N
944,2015,18,18,Brazilian Grand Prix,2015-11-15,16:00:00,http://en.wikipedia.org/wiki/2015_Brazilian_Grand_Prix,\N,\N,\N,\N,\N,\N,\N,\N,\N,\N
945,2015,19,24,Abu Dhabi Grand Prix,2015-11-29,13:00:00,http://en.wikipedia.org/wiki/2015_Abu_Dhabi_Grand_Prix,\N,\N,\N,\N,\N,\N,\N,\N,\N,\N
948,2016,1,1,Australian Grand Prix,2016-03-20,5:00:00,http://en.wikipedia.org/wiki/2016_Australian_Grand_Prix,\N,\N,\N,\N,\N,\N,\N,\N,\N,\N
949,2016,2,3,Bahrain Grand Prix,2016-04-03,15:00:00,http://en.wikipedia.org/wiki/2016_Bahrain_Grand_Prix,\N,\N,\N,\N,\N,\N,\N,\N,\N,\N
950,2016,3,17,Chinese Grand Prix,2016-04-17,6:00:00,http://en.wikipedia.org/wiki/2016_Chinese_Grand_Prix,\N,\N,\N,\N,\N,\N,\N,\N,\N,\N
951,2016,4,71,Russian Grand Prix,2016-05-01,12:00:00,http://en.wikipedia.org/wiki/2016_Russian_Grand_Prix,\N,\N,\N,\N,\N,\N,\N,\N,\N,\N
952,2016,5,4,Spanish Grand Prix,2016-05-15,12:00:00,http://en.wikipedia.org/wiki/2016_Spanish_Grand_Prix,\N,\N,\N,\N,\N,\N,\N,\N,\N,\N
953,2016,6,6,Monaco Grand Prix,2016-05-29,12:00:00,http://en.wikipedia.org/wiki/2016_Monaco_Grand_Prix,\N,\N,\N,\N,\N,\N,\N,\N,\N,\N
954,2016,7,7,Canadian Grand Prix,2016-06-12,18:00:00,http://en.wikipedia.org/wiki/2016_Canadian_Grand_Prix,\N,\N,\N,\N,\N,\N,\N,\N,\N,\N
955,2016,8,73,European Grand Prix,2016-06-19,13:00:00,http://en.wikipedia.org/wiki/2016_European_Grand_Prix,\N,\N,\N,\N,\N,\N,\N,\N,\N,\N
956,2016,9,70,Austrian Grand Prix,2016-07-03,12:00:00,http://en.wikipedia.org/wiki/2016_Austrian_Grand_Prix,\N,\N,\N,\N,\N,\N,\N,\N,\N,\N
957,2016,10,9,British Grand Prix,2016-07-10,12:00:00,http://en.wikipedia.org/wiki/2016_British_Grand_Prix,\N,\N,\N,\N,\N,\N,\N,\N,\N,\N
958,2016,11,11,Hungarian Grand Prix,2016-07-24,12:00:00,http://en.wikipedia.org/wiki/2016_Hungarian_Grand_Prix,\N,\N,\N,\N,\N,\N,\N,\N,\N,\N
959,2016,12,10,German Grand Prix,2016-07-31,12:00:00,http://en.wikipedia.org/wiki/2016_German_Grand_Prix,\N,\N,\N,\N,\N,\N,\N,\N,\N,\N
960,2016,13,13,Belgian Grand Prix,2016-08-28,12:00:00,http://en.wikipedia.org/wiki/2016_Belgian_Grand_Prix,\N,\N,\N,\N,\N,\N,\N,\N,\N,\N
961,2016,14,14,Italian Grand Prix,2016-09-04,12:00:00,http://en.wikipedia.org/wiki/2016_Italian_Grand_Prix,\N,\N,\N,\N,\N,\N,\N,\N,\N,\N
962,2016,15,15,Singapore Grand Prix,2016-09-18,12:00:00,http://en.wikipedia.org/wiki/2016_Singapore_Grand_Prix,\N,\N,\N,\N,\N,\N,\N,\N,\N,\N
963,2016,16,2,Malaysian Grand Prix,2016-10-02,7:00:00,http://en.wikipedia.org/wiki/2016_Malaysian_Grand_Prix,\N,\N,\N,\N,\N,\N,\N,\N,\N,\N
964,2016,17,22,Japanese Grand Prix,2016-10-09,5:00:00,http://en.wikipedia.org/wiki/2016_Japanese_Grand_Prix,\N,\N,\N,\N,\N,\N,\N,\N,\N,\N
965,2016,18,69,United States Grand Prix,2016-10-23,19:00:00,http://en.wikipedia.org/wiki/2016_United_States_Grand_Prix,\N,\N,\N,\N,\N,\N,\N,\N,\N,\N
966,2016,19,32,Mexican Grand Prix,2016-10-30,19:00:00,http://en.wikipedia.org/wiki/2016_Mexican_Grand_Prix,\N,\N,\N,\N,\N,\N,\N,\N,\N,\N
967,2016,20,18,Brazilian Grand Prix,2016-11-13,16:00:00,http://en.wikipedia.org/wiki/2016_Brazilian_Grand_Prix,\N,\N,\N,\N,\N,\N,\N,\N,\N,\N
968,2016,21,24,Abu Dhabi Grand Prix,2016-11-27,13:00:00,http://en.wikipedia.org/wiki/2016_Abu_Dhabi_Grand_Prix,\N,\N,\N,\N,\N,\N,\N,\N,\N,\N
969,2017,1,1,Australian Grand Prix,2017-03-26,5:00:00,http://en.wikipedia.org/wiki/2017_Australian_Grand_Prix,\N,\N,\N,\N,\N,\N,\N,\N,\N,\N
970,2017,2,17,Chinese Grand Prix,2017-04-09,6:00:00,http://en.wikipedia.org/wiki/2017_Chinese_Grand_Prix,\N,\N,\N,\N,\N,\N,\N,\N,\N,\N
971,2017,3,3,Bahrain Grand Prix,2017-04-16,15:00:00,http://en.wikipedia.org/wiki/2017_Bahrain_Grand_Prix,\N,\N,\N,\N,\N,\N,\N,\N,\N,\N
972,2017,4,71,Russian Grand Prix,2017-04-30,12:00:00,http://en.wikipedia.org/wiki/2017_Russian_Grand_Prix,\N,\N,\N,\N,\N,\N,\N,\N,\N,\N
973,2017,5,4,Spanish Grand Prix,2017-05-14,12:00:00,http://en.wikipedia.org/wiki/2017_Spanish_Grand_Prix,\N,\N,\N,\N,\N,\N,\N,\N,\N,\N
974,2017,6,6,Monaco Grand Prix,2017-05-28,12:00:00,http://en.wikipedia.org/wiki/2017_Monaco_Grand_Prix,\N,\N,\N,\N,\N,\N,\N,\N,\N,\N
975,2017,7,7,Canadian Grand Prix,2017-06-11,18:00:00,http://en.wikipedia.org/wiki/2017_Canadian_Grand_Prix,\N,\N,\N,\N,\N,\N,\N,\N,\N,\N
976,2017,8,73,Azerbaijan Grand Prix,2017-06-25,13:00:00,http://en.wikipedia.org/wiki/2017_Azerbaijan_Grand_Prix,\N,\N,\N,\N,\N,\N,\N,\N,\N,\N
977,2017,9,70,Austrian Grand Prix,2017-07-09,12:00:00,http://en.wikipedia.org/wiki/2017_Austrian_Grand_Prix,\N,\N,\N,\N,\N,\N,\N,\N,\N,\N
978,2017,10,9,British Grand Prix,2017-07-16,12:00:00,http://en.wikipedia.org/wiki/2017_British_Grand_Prix,\N,\N,\N,\N,\N,\N,\N,\N,\N,\N
979,2017,11,11,Hungarian Grand Prix,2017-07-30,12:00:00,http://en.wikipedia.org/wiki/2017_Hungarian_Grand_Prix,\N,\N,\N,\N,\N,\N,\N,\N,\N,\N
980,2017,12,13,Belgian Grand Prix,2017-08-27,12:00:00,http://en.wikipedia.org/wiki/2017_Belgian_Grand_Prix,\N,\N,\N,\N,\N,\N,\N,\N,\N,\N
981,2017,13,14,Italian Grand Prix,2017-09-03,12:00:00,http://en.wikipedia.org/wiki/2017_Italian_Grand_Prix,\N,\N,\N,\N,\N,\N,\N,\N,\N,\N
982,2017,14,15,Singapore Grand Prix,2017-09-17,12:00:00,http://en.wikipedia.org/wiki/2017_Singapore_Grand_Prix,\N,\N,\N,\N,\N,\N,\N,\N,\N,\N
983,2017,15,2,Malaysian Grand Prix,2017-10-01,7:00:00,http://en.wikipedia.org/wiki/2017_Malaysian_Grand_Prix,\N,\N,\N,\N,\N,\N,\N,\N,\N,\N
984,2017,16,22,Japanese Grand Prix,2017-10-08,5:00:00,http://en.wikipedia.org/wiki/2017_Japanese_Grand_Prix,\N,\N,\N,\N,\N,\N,\N,\N,\N,\N
985,2017,17,69,United States Grand Prix,2017-10-22,19:00:00,http://en.wikipedia.org/wiki/2017_United_States_Grand_Prix,\N,\N,\N,\N,\N,\N,\N,\N,\N,\N
986,2017,18,32,Mexican Grand Prix,2017-10-29,19:00:00,http://en.wikipedia.org/wiki/2017_Mexican_Grand_Prix,\N,\N,\N,\N,\N,\N,\N,\N,\N,\N
987,2017,19,18,Brazilian Grand Prix,2017-11-12,16:00:00,http://en.wikipedia.org/wiki/2017_Brazilian_Grand_Prix,\N,\N,\N,\N,\N,\N,\N,\N,\N,\N
988,2017,20,24,Abu Dhabi Grand Prix,2017-11-26,13:00:00,http://en.wikipedia.org/wiki/2017_Abu_Dhabi_Grand_Prix,\N,\N,\N,\N,\N,\N,\N,\N,\N,\N
989,2018,1,1,Australian Grand Prix,2018-03-25,5:10:00,http://en.wikipedia.org/wiki/2018_Australian_Grand_Prix,\N,\N,\N,\N,\N,\N,\N,\N,\N,\N
990,2018,2,3,Bahrain Grand Prix,2018-04-08,15:10:00,http://en.wikipedia.org/wiki/2018_Bahrain_Grand_Prix,\N,\N,\N,\N,\N,\N,\N,\N,\N,\N
991,2018,3,17,Chinese Grand Prix,2018-04-15,6:10:00,http://en.wikipedia.org/wiki/2018_Chinese_Grand_Prix,\N,\N,\N,\N,\N,\N,\N,\N,\N,\N
992,2018,4,73,Azerbaijan Grand Prix,2018-04-29,12:10:00,http://en.wikipedia.org/wiki/2018_Azerbaijan_Grand_Prix,\N,\N,\N,\N,\N,\N,\N,\N,\N,\N
993,2018,5,4,Spanish Grand Prix,2018-05-13,13:10:00,http://en.wikipedia.org/wiki/2018_Spanish_Grand_Prix,\N,\N,\N,\N,\N,\N,\N,\N,\N,\N
994,2018,6,6,Monaco Grand Prix,2018-05-27,13:10:00,http://en.wikipedia.org/wiki/2018_Monaco_Grand_Prix,\N,\N,\N,\N,\N,\N,\N,\N,\N,\N
995,2018,7,7,Canadian Grand Prix,2018-06-10,18:10:00,http://en.wikipedia.org/wiki/2018_Canadian_Grand_Prix,\N,\N,\N,\N,\N,\N,\N,\N,\N,\N
996,2018,8,34,French Grand Prix,2018-06-24,14:10:00,http://en.wikipedia.org/wiki/2018_French_Grand_Prix,\N,\N,\N,\N,\N,\N,\N,\N,\N,\N
997,2018,9,70,Austrian Grand Prix,2018-07-01,13:10:00,http://en.wikipedia.org/wiki/2018_Austrian_Grand_Prix,\N,\N,\N,\N,\N,\N,\N,\N,\N,\N
998,2018,10,9,British Grand Prix,2018-07-08,13:10:00,http://en.wikipedia.org/wiki/2018_British_Grand_Prix,\N,\N,\N,\N,\N,\N,\N,\N,\N,\N
999,2018,11,10,German Grand Prix,2018-07-22,13:10:00,http://en.wikipedia.org/wiki/2018_German_Grand_Prix,\N,\N,\N,\N,\N,\N,\N,\N,\N,\N
1000,2018,12,11,Hungarian Grand Prix,2018-07-29,13:10:00,http://en.wikipedia.org/wiki/2018_Hungarian_Grand_Prix,\N,\N,\N,\N,\N,\N,\N,\N,\N,\N
1001,2018,13,13,Belgian Grand Prix,2018-08-26,13:10:00,http://en.wikipedia.org/wiki/2018_Belgian_Grand_Prix,\N,\N,\N,\N,\N,\N,\N,\N,\N,\N
1002,2018,14,14,Italian Grand Prix,2018-09-02,13:10:00,http://en.wikipedia.org/wiki/2018_Italian_Grand_Prix,\N,\N,\N,\N,\N,\N,\N,\N,\N,\N
1003,2018,15,15,Singapore Grand Prix,2018-09-16,12:10:00,http://en.wikipedia.org/wiki/2018_Singapore_Grand_Prix,\N,\N,\N,\N,\N,\N,\N,\N,\N,\N
1004,2018,16,71,Russian Grand Prix,2018-09-30,11:10:00,http://en.wikipedia.org/wiki/2018_Russian_Grand_Prix,\N,\N,\N,\N,\N,\N,\N,\N,\N,\N
1005,2018,17,22,Japanese Grand Prix,2018-10-07,5:10:00,http://en.wikipedia.org/wiki/2018_Japanese_Grand_Prix,\N,\N,\N,\N,\N,\N,\N,\N,\N,\N
1006,2018,18,69,United States Grand Prix,2018-10-21,18:10:00,http://en.wikipedia.org/wiki/2018_United_States_Grand_Prix,\N,\N,\N,\N,\N,\N,\N,\N,\N,\N
1007,2018,19,32,Mexican Grand Prix,2018-10-28,19:10:00,http://en.wikipedia.org/wiki/2018_Mexican_Grand_Prix,\N,\N,\N,\N,\N,\N,\N,\N,\N,\N
1008,2018,20,18,Brazilian Grand Prix,2018-11-11,17:10:00,http://en.wikipedia.org/wiki/2018_Brazilian_Grand_Prix,\N,\N,\N,\N,\N,\N,\N,\N,\N,\N
1009,2018,21,24,Abu Dhabi Grand Prix,2018-11-25,13:10:00,http://en.wikipedia.org/wiki/2018_Abu_Dhabi_Grand_Prix,\N,\N,\N,\N,\N,\N,\N,\N,\N,\N
1010,2019,1,1,Australian Grand Prix,2019-03-17,5:10:00,http://en.wikipedia.org/wiki/2019_Australian_Grand_Prix,\N,\N,\N,\N,\N,\N,\N,\N,\N,\N
1011,2019,2,3,Bahrain Grand Prix,2019-03-31,15:10:00,http://en.wikipedia.org/wiki/2019_Bahrain_Grand_Prix,\N,\N,\N,\N,\N,\N,\N,\N,\N,\N
1012,2019,3,17,Chinese Grand Prix,2019-04-14,6:10:00,http://en.wikipedia.org/wiki/2019_Chinese_Grand_Prix,\N,\N,\N,\N,\N,\N,\N,\N,\N,\N
1013,2019,4,73,Azerbaijan Grand Prix,2019-04-28,12:10:00,http://en.wikipedia.org/wiki/2019_Azerbaijan_Grand_Prix,\N,\N,\N,\N,\N,\N,\N,\N,\N,\N
1014,2019,5,4,Spanish Grand Prix,2019-05-12,13:10:00,http://en.wikipedia.org/wiki/2019_Spanish_Grand_Prix,\N,\N,\N,\N,\N,\N,\N,\N,\N,\N
1015,2019,6,6,Monaco Grand Prix,2019-05-26,13:10:00,http://en.wikipedia.org/wiki/2019_Monaco_Grand_Prix,\N,\N,\N,\N,\N,\N,\N,\N,\N,\N
1016,2019,7,7,Canadian Grand Prix,2019-06-09,18:10:00,http://en.wikipedia.org/wiki/2019_Canadian_Grand_Prix,\N,\N,\N,\N,\N,\N,\N,\N,\N,\N
1017,2019,8,34,French Grand Prix,2019-06-23,13:10:00,http://en.wikipedia.org/wiki/2019_French_Grand_Prix,\N,\N,\N,\N,\N,\N,\N,\N,\N,\N
1018,2019,9,70,Austrian Grand Prix,2019-06-30,13:10:00,http://en.wikipedia.org/wiki/2019_Austrian_Grand_Prix,\N,\N,\N,\N,\N,\N,\N,\N,\N,\N
1019,2019,10,9,British Grand Prix,2019-07-14,13:10:00,http://en.wikipedia.org/wiki/2019_British_Grand_Prix,\N,\N,\N,\N,\N,\N,\N,\N,\N,\N
1020,2019,11,10,German Grand Prix,2019-07-28,13:10:00,http://en.wikipedia.org/wiki/2019_German_Grand_Prix,\N,\N,\N,\N,\N,\N,\N,\N,\N,\N
1021,2019,12,11,Hungarian Grand Prix,2019-08-04,13:10:00,http://en.wikipedia.org/wiki/2019_Hungarian_Grand_Prix,\N,\N,\N,\N,\N,\N,\N,\N,\N,\N
1022,2019,13,13,Belgian Grand Prix,2019-09-01,13:10:00,http://en.wikipedia.org/wiki/2019_Belgian_Grand_Prix,\N,\N,\N,\N,\N,\N,\N,\N,\N,\N
1023,2019,14,14,Italian Grand Prix,2019-09-08,13:10:00,http://en.wikipedia.org/wiki/2019_Italian_Grand_Prix,\N,\N,\N,\N,\N,\N,\N,\N,\N,\N
1024,2019,15,15,Singapore Grand Prix,2019-09-22,12:10:00,http://en.wikipedia.org/wiki/2019_Singapore_Grand_Prix,\N,\N,\N,\N,\N,\N,\N,\N,\N,\N
1025,2019,16,71,Russian Grand Prix,2019-09-29,11:10:00,http://en.wikipedia.org/wiki/2019_Russian_Grand_Prix,\N,\N,\N,\N,\N,\N,\N,\N,\N,\N
1026,2019,17,22,Japanese Grand Prix,2019-10-13,5:10:00,http://en.wikipedia.org/wiki/2019_Japanese_Grand_Prix,\N,\N,\N,\N,\N,\N,\N,\N,\N,\N
1027,2019,18,32,Mexican Grand Prix,2019-10-27,19:10:00,http://en.wikipedia.org/wiki/2019_Mexican_Grand_Prix,\N,\N,\N,\N,\N,\N,\N,\N,\N,\N
1028,2019,19,69,United States Grand Prix,2019-11-03,19:10:00,http://en.wikipedia.org/wiki/2019_United_States_Grand_Prix,\N,\N,\N,\N,\N,\N,\N,\N,\N,\N
1029,2019,20,18,Brazilian Grand Prix,2019-11-17,17:10:00,http://en.wikipedia.org/wiki/2019_Brazilian_Grand_Prix,\N,\N,\N,\N,\N,\N,\N,\N,\N,\N
1030,2019,21,24,Abu Dhabi Grand Prix,2019-12-01,13:10:00,http://en.wikipedia.org/wiki/2019_Abu_Dhabi_Grand_Prix,\N,\N,\N,\N,\N,\N,\N,\N,\N,\N
1031,2020,1,70,Austrian Grand Prix,2020-07-05,13:10:00,http://en.wikipedia.org/wiki/2020_Austrian_Grand_Prix,\N,\N,\N,\N,\N,\N,\N,\N,\N,\N
1032,2020,2,70,Styrian Grand Prix,2020-07-12,13:10:00,http://en.wikipedia.org/wiki/2020_Styrian_Grand_Prix,\N,\N,\N,\N,\N,\N,\N,\N,\N,\N
1033,2020,3,11,Hungarian Grand Prix,2020-07-19,13:10:00,http://en.wikipedia.org/wiki/2020_Hungarian_Grand_Prix,\N,\N,\N,\N,\N,\N,\N,\N,\N,\N
1034,2020,4,9,British Grand Prix,2020-08-02,13:10:00,http://en.wikipedia.org/wiki/2020_British_Grand_Prix,\N,\N,\N,\N,\N,\N,\N,\N,\N,\N
1035,2020,5,9,70th Anniversary Grand Prix,2020-08-09,13:10:00,http://en.wikipedia.org/wiki/70th_Anniversary_Grand_Prix,\N,\N,\N,\N,\N,\N,\N,\N,\N,\N
1036,2020,6,4,Spanish Grand Prix,2020-08-16,13:10:00,http://en.wikipedia.org/wiki/2020_Spanish_Grand_Prix,\N,\N,\N,\N,\N,\N,\N,\N,\N,\N
1037,2020,7,13,Belgian Grand Prix,2020-08-30,13:10:00,http://en.wikipedia.org/wiki/2020_Belgian_Grand_Prix,\N,\N,\N,\N,\N,\N,\N,\N,\N,\N
1038,2020,8,14,Italian Grand Prix,2020-09-06,13:10:00,http://en.wikipedia.org/wiki/2020_Italian_Grand_Prix,\N,\N,\N,\N,\N,\N,\N,\N,\N,\N
1039,2020,9,76,Tuscan Grand Prix,2020-09-13,13:10:00,http://en.wikipedia.org/wiki/2020_Tuscan_Grand_Prix,\N,\N,\N,\N,\N,\N,\N,\N,\N,\N
1040,2020,10,71,Russian Grand Prix,2020-09-27,11:10:00,http://en.wikipedia.org/wiki/2020_Russian_Grand_Prix,\N,\N,\N,\N,\N,\N,\N,\N,\N,\N
1041,2020,11,20,Eifel Grand Prix,2020-10-11,13:10:00,http://en.wikipedia.org/wiki/2020_Eifel_Grand_Prix,\N,\N,\N,\N,\N,\N,\N,\N,\N,\N
1042,2020,12,75,Portuguese Grand Prix,2020-10-25,12:10:00,http://en.wikipedia.org/wiki/2020_Portuguese_Grand_Prix,\N,\N,\N,\N,\N,\N,\N,\N,\N,\N
1043,2020,13,21,Emilia Romagna Grand Prix,2020-11-01,12:10:00,http://en.wikipedia.org/wiki/2020_Emilia_Romagna_Grand_Prix,\N,\N,\N,\N,\N,\N,\N,\N,\N,\N
1044,2020,14,5,Turkish Grand Prix,2020-11-15,10:10:00,http://en.wikipedia.org/wiki/2020_Turkish_Grand_Prix,\N,\N,\N,\N,\N,\N,\N,\N,\N,\N
1045,2020,15,3,Bahrain Grand Prix,2020-11-29,14:10:00,http://en.wikipedia.org/wiki/2020_Bahrain_Grand_Prix,\N,\N,\N,\N,\N,\N,\N,\N,\N,\N
1046,2020,16,3,Sakhir Grand Prix,2020-12-06,17:10:00,http://en.wikipedia.org/wiki/2020_Sakhir_Grand_Prix,\N,\N,\N,\N,\N,\N,\N,\N,\N,\N
1047,2020,17,24,Abu Dhabi Grand Prix,2020-12-13,13:10:00,http://en.wikipedia.org/wiki/2020_Abu_Dhabi_Grand_Prix,\N,\N,\N,\N,\N,\N,\N,\N,\N,\N
1053,2021,2,21,Emilia Romagna Grand Prix,2021-04-18,13:00:00,http://en.wikipedia.org/wiki/2021_Emilia_Romagna_Grand_Prix,2021-04-16,\N,2021-04-16,\N,2021-04-17,\N,2021-04-17,\N,\N,\N
1052,2021,1,3,Bahrain Grand Prix,2021-03-28,15:00:00,http://en.wikipedia.org/wiki/2021_Bahrain_Grand_Prix,2021-03-26,\N,2021-03-26,\N,2021-03-27,\N,2021-03-27,\N,\N,\N
1051,2021,20,78,Qatar Grand Prix,2021-11-21,14:00:00,http://en.wikipedia.org/wiki/2021_Qatar_Grand_Prix,2021-11-19,\N,2021-11-19,\N,2021-11-20,\N,2021-11-20,\N,\N,\N
1054,2021,3,75,Portuguese Grand Prix,2021-05-02,14:00:00,http://en.wikipedia.org/wiki/2021_Portuguese_Grand_Prix,2021-04-30,\N,2021-04-30,\N,2021-05-01,\N,2021-05-01,\N,\N,\N
1055,2021,4,4,Spanish Grand Prix,2021-05-09,13:00:00,http://en.wikipedia.org/wiki/2021_Spanish_Grand_Prix,2021-05-07,\N,2021-05-07,\N,2021-05-08,\N,2021-05-08,\N,\N,\N
1056,2021,5,6,Monaco Grand Prix,2021-05-23,13:00:00,http://en.wikipedia.org/wiki/2021_Monaco_Grand_Prix,2021-05-21,\N,2021-05-21,\N,2021-05-22,\N,2021-05-22,\N,\N,\N
1057,2021,6,73,Azerbaijan Grand Prix,2021-06-06,12:00:00,http://en.wikipedia.org/wiki/2021_Azerbaijan_Grand_Prix,2021-06-04,\N,2021-06-04,\N,2021-06-05,\N,2021-06-05,\N,\N,\N
1058,2021,8,70,Styrian Grand Prix,2021-06-27,13:00:00,http://en.wikipedia.org/wiki/2021_Styrian_Grand_Prix,2021-06-25,\N,2021-06-25,\N,2021-06-26,\N,2021-06-26,\N,\N,\N
1059,2021,7,34,French Grand Prix,2021-06-20,13:00:00,http://en.wikipedia.org/wiki/2021_French_Grand_Prix,2021-06-18,\N,2021-06-18,\N,2021-06-19,\N,2021-06-19,\N,\N,\N
1060,2021,9,70,Austrian Grand Prix,2021-07-04,13:00:00,http://en.wikipedia.org/wiki/2021_Austrian_Grand_Prix,2021-07-02,\N,2021-07-02,\N,2021-07-03,\N,2021-07-03,\N,\N,\N
1061,2021,10,9,British Grand Prix,2021-07-18,14:00:00,http://en.wikipedia.org/wiki/2021_British_Grand_Prix,2021-07-16,\N,2021-07-17,\N,\N,\N,2021-07-16,\N,2021-07-17,\N
1062,2021,11,11,Hungarian Grand Prix,2021-08-01,13:00:00,http://en.wikipedia.org/wiki/2021_Hungarian_Grand_Prix,2021-07-30,\N,2021-07-30,\N,2021-07-31,\N,2021-07-31,\N,\N,\N
1063,2021,12,13,Belgian Grand Prix,2021-08-29,13:00:00,http://en.wikipedia.org/wiki/2021_Belgian_Grand_Prix,2021-08-27,\N,2021-08-27,\N,2021-08-28,\N,2021-08-28,\N,\N,\N
1064,2021,13,39,Dutch Grand Prix,2021-09-05,13:00:00,http://en.wikipedia.org/wiki/2021_Dutch_Grand_Prix,2021-09-03,\N,2021-09-03,\N,2021-09-04,\N,2021-09-04,\N,\N,\N
1065,2021,14,14,Italian Grand Prix,2021-09-12,13:00:00,http://en.wikipedia.org/wiki/2021_Italian_Grand_Prix,2021-09-10,\N,2021-09-11,\N,\N,\N,2021-09-10,\N,2021-09-11,\N
1066,2021,15,71,Russian Grand Prix,2021-09-26,12:00:00,http://en.wikipedia.org/wiki/2021_Russian_Grand_Prix,2021-09-24,\N,2021-09-24,\N,2021-09-25,\N,2021-09-25,\N,\N,\N
1067,2021,16,5,Turkish Grand Prix,2021-10-10,12:00:00,http://en.wikipedia.org/wiki/2021_Turkish_Grand_Prix,2021-10-08,\N,2021-10-08,\N,2021-10-09,\N,2021-10-09,\N,\N,\N
1069,2021,17,69,United States Grand Prix,2021-10-24,19:00:00,http://en.wikipedia.org/wiki/2021_United_States_Grand_Prix,2021-10-22,\N,2021-10-22,\N,2021-10-23,\N,2021-10-23,\N,\N,\N
1070,2021,18,32,Mexico City Grand Prix,2021-11-07,19:00:00,http://en.wikipedia.org/wiki/2021_Mexican_Grand_Prix,2021-11-05,\N,2021-11-05,\N,2021-11-06,\N,2021-11-06,\N,\N,\N
1071,2021,19,18,So Paulo Grand Prix,2021-11-14,17:00:00,http://en.wikipedia.org/wiki/2021_S%C3%A3o_Paulo_Grand_Prix,2021-11-12,\N,2021-11-13,\N,\N,\N,2021-11-12,\N,2021-11-13,\N
1072,2021,21,77,Saudi Arabian Grand Prix,2021-12-05,17:30:00,http://en.wikipedia.org/wiki/2021_Saudi_Arabian_Grand_Prix,2021-12-03,\N,2021-12-03,\N,2021-12-04,\N,2021-12-04,\N,\N,\N
1073,2021,22,24,Abu Dhabi Grand Prix,2021-12-12,13:00:00,http://en.wikipedia.org/wiki/2021_Abu_Dhabi_Grand_Prix,2021-12-10,\N,2021-12-10,\N,2021-12-11,\N,2021-12-11,\N,\N,\N
1074,2022,1,3,Bahrain Grand Prix,2022-03-20,15:00:00,http://en.wikipedia.org/wiki/2022_Bahrain_Grand_Prix,2022-03-18,12:00:00,2022-03-18,15:00:00,2022-03-19,12:00:00,2022-03-19,15:00:00,\N,\N
1075,2022,2,77,Saudi Arabian Grand Prix,2022-03-27,17:00:00,http://en.wikipedia.org/wiki/2022_Saudi_Arabian_Grand_Prix,2022-03-25,14:00:00,2022-03-25,17:00:00,2022-03-26,14:00:00,2022-03-26,17:00:00,\N,\N
1076,2022,3,1,Australian Grand Prix,2022-04-10,5:00:00,http://en.wikipedia.org/wiki/2022_Australian_Grand_Prix,2022-04-08,3:00:00,2022-04-08,6:00:00,2022-04-09,3:00:00,2022-04-09,6:00:00,\N,\N
1077,2022,4,21,Emilia Romagna Grand Prix,2022-04-24,13:00:00,http://en.wikipedia.org/wiki/2022_Emilia_Romagna_Grand_Prix,2022-04-22,11:30:00,2022-04-23,10:30:00,\N,\N,2022-04-22,15:00:00,2022-04-23,14:30:00
1078,2022,5,79,Miami Grand Prix,2022-05-08,19:30:00,http://en.wikipedia.org/wiki/2022_Miami_Grand_Prix,2022-05-06,18:30:00,2022-05-06,21:30:00,2022-05-07,17:00:00,2022-05-07,20:00:00,\N,\N
1079,2022,6,4,Spanish Grand Prix,2022-05-22,13:00:00,http://en.wikipedia.org/wiki/2022_Spanish_Grand_Prix,2022-05-20,12:00:00,2022-05-20,15:00:00,2022-05-21,11:00:00,2022-05-21,14:00:00,\N,\N
1080,2022,7,6,Monaco Grand Prix,2022-05-29,13:00:00,http://en.wikipedia.org/wiki/2022_Monaco_Grand_Prix,2022-05-27,12:00:00,2022-05-27,15:00:00,2022-05-28,11:00:00,2022-05-28,14:00:00,\N,\N
1081,2022,8,73,Azerbaijan Grand Prix,2022-06-12,11:00:00,http://en.wikipedia.org/wiki/2022_Azerbaijan_Grand_Prix,2022-06-10,11:00:00,2022-06-10,14:00:00,2022-06-11,11:00:00,2022-06-11,14:00:00,\N,\N
1082,2022,9,7,Canadian Grand Prix,2022-06-19,18:00:00,http://en.wikipedia.org/wiki/2022_Canadian_Grand_Prix,2022-06-17,18:00:00,2022-06-17,21:00:00,2022-06-18,17:00:00,2022-06-18,20:00:00,\N,\N
1083,2022,10,9,British Grand Prix,2022-07-03,14:00:00,http://en.wikipedia.org/wiki/2022_British_Grand_Prix,2022-07-01,12:00:00,2022-07-01,15:00:00,2022-07-02,11:00:00,2022-07-02,14:00:00,\N,\N
1084,2022,11,70,Austrian Grand Prix,2022-07-10,13:00:00,http://en.wikipedia.org/wiki/2022_Austrian_Grand_Prix,2022-07-08,11:30:00,2022-07-09,10:30:00,\N,\N,2022-07-08,15:00:00,2022-07-09,14:30:00
1085,2022,12,34,French Grand Prix,2022-07-24,13:00:00,http://en.wikipedia.org/wiki/2022_French_Grand_Prix,2022-07-22,12:00:00,2022-07-22,15:00:00,2022-07-23,11:00:00,2022-07-23,14:00:00,\N,\N
1086,2022,13,11,Hungarian Grand Prix,2022-07-31,13:00:00,http://en.wikipedia.org/wiki/2022_Hungarian_Grand_Prix,2022-07-29,12:00:00,2022-07-29,15:00:00,2022-07-30,11:00:00,2022-07-30,14:00:00,\N,\N
1087,2022,14,13,Belgian Grand Prix,2022-08-28,13:00:00,http://en.wikipedia.org/wiki/2022_Belgian_Grand_Prix,2022-08-26,12:00:00,2022-08-26,15:00:00,2022-08-27,11:00:00,2022-08-27,14:00:00,\N,\N
1088,2022,15,39,Dutch Grand Prix,2022-09-04,13:00:00,http://en.wikipedia.org/wiki/2022_Dutch_Grand_Prix,2022-09-02,10:30:00,2022-09-02,14:00:00,2022-09-03,10:00:00,2022-09-03,13:00:00,\N,\N
1089,2022,16,14,Italian Grand Prix,2022-09-11,13:00:00,http://en.wikipedia.org/wiki/2022_Italian_Grand_Prix,2022-09-09,12:00:00,2022-09-09,15:00:00,2022-09-10,11:00:00,2022-09-10,14:00:00,\N,\N
1091,2022,17,15,Singapore Grand Prix,2022-10-02,12:00:00,http://en.wikipedia.org/wiki/2022_Singapore_Grand_Prix,2022-09-30,10:00:00,2022-09-30,13:00:00,2022-10-01,10:00:00,2022-10-01,13:00:00,\N,\N
1092,2022,18,22,Japanese Grand Prix,2022-10-09,5:00:00,http://en.wikipedia.org/wiki/2022_Japanese_Grand_Prix,2022-10-07,3:00:00,2022-10-07,6:00:00,2022-10-08,3:00:00,2022-10-08,6:00:00,\N,\N
1093,2022,19,69,United States Grand Prix,2022-10-23,19:00:00,http://en.wikipedia.org/wiki/2022_United_States_Grand_Prix,2022-10-21,19:00:00,2022-10-21,22:00:00,2022-10-22,19:00:00,2022-10-22,22:00:00,\N,\N
1094,2022,20,32,Mexico City Grand Prix,2022-10-30,20:00:00,http://en.wikipedia.org/wiki/2022_Mexican_Grand_Prix,2022-10-28,18:00:00,2022-10-28,21:00:00,2022-10-29,17:00:00,2022-10-29,20:00:00,\N,\N
1095,2022,21,18,So Paulo Grand Prix,2022-11-13,18:00:00,http://en.wikipedia.org/wiki/2022_Brazilian_Grand_Prix,2022-11-11,15:30:00,2022-11-12,15:30:00,\N,\N,2022-11-11,19:00:00,2022-11-12,19:30:00
1096,2022,22,24,Abu Dhabi Grand Prix,2022-11-20,13:00:00,http://en.wikipedia.org/wiki/2022_Abu_Dhabi_Grand_Prix,2022-11-18,10:00:00,2022-11-18,13:00:00,2022-11-19,11:00:00,2022-11-19,14:00:00,\N,\N
1098,2023,1,3,Bahrain Grand Prix,2023-03-05,15:00:00,https://en.wikipedia.org/wiki/2023_Bahrain_Grand_Prix,2023-03-03,11:30:00,2023-03-03,15:00:00,2023-03-04,11:30:00,2023-03-04,15:00:00,\N,\N
1099,2023,2,77,Saudi Arabian Grand Prix,2023-03-19,17:00:00,https://en.wikipedia.org/wiki/2023_Saudi_Arabian_Grand_Prix,2023-03-17,13:30:00,2023-03-17,17:00:00,2023-03-18,13:30:00,2023-03-18,17:00:00,\N,\N
1100,2023,3,1,Australian Grand Prix,2023-04-02,5:00:00,https://en.wikipedia.org/wiki/2023_Australian_Grand_Prix,2023-03-31,1:30:00,2023-03-31,5:00:00,2023-04-01,1:30:00,2023-04-01,5:00:00,\N,\N
1101,2023,4,73,Azerbaijan Grand Prix,2023-04-30,11:00:00,https://en.wikipedia.org/wiki/2023_Azerbaijan_Grand_Prix,2023-04-28,9:30:00,2023-04-29,9:30:00,\N,\N,2023-04-28,13:00:00,2023-04-29,13:30:00
1102,2023,5,79,Miami Grand Prix,2023-05-07,19:30:00,https://en.wikipedia.org/wiki/2023_Miami_Grand_Prix,2023-05-05,18:00:00,2023-05-05,21:30:00,2023-05-06,16:30:00,2023-05-06,20:00:00,\N,\N
1104,2023,6,6,Monaco Grand Prix,2023-05-28,13:00:00,https://en.wikipedia.org/wiki/2023_Monaco_Grand_Prix,2023-05-26,11:30:00,2023-05-26,15:00:00,2023-05-27,10:30:00,2023-05-27,14:00:00,\N,\N
1105,2023,7,4,Spanish Grand Prix,2023-06-04,13:00:00,https://en.wikipedia.org/wiki/2023_Spanish_Grand_Prix,2023-06-02,11:30:00,2023-06-02,15:00:00,2023-06-03,10:30:00,2023-06-03,14:00:00,\N,\N
1106,2023,8,7,Canadian Grand Prix,2023-06-18,18:00:00,https://en.wikipedia.org/wiki/2023_Canadian_Grand_Prix,2023-06-16,17:30:00,2023-06-16,21:00:00,2023-06-17,16:30:00,2023-06-17,20:00:00,\N,\N
1107,2023,9,70,Austrian Grand Prix,2023-07-02,13:00:00,https://en.wikipedia.org/wiki/2023_Austrian_Grand_Prix,2023-06-30,11:30:00,2023-07-01,10:30:00,\N,\N,2023-06-30,15:00:00,2023-07-01,14:30:00
1108,2023,10,9,British Grand Prix,2023-07-09,14:00:00,https://en.wikipedia.org/wiki/2023_British_Grand_Prix,2023-07-07,11:30:00,2023-07-07,15:00:00,2023-07-08,10:30:00,2023-07-08,14:00:00,\N,\N
1109,2023,11,11,Hungarian Grand Prix,2023-07-23,13:00:00,https://en.wikipedia.org/wiki/2023_Hungarian_Grand_Prix,2023-07-21,11:30:00,2023-07-21,15:00:00,2023-07-22,10:30:00,2023-07-22,14:00:00,\N,\N
1110,2023,12,13,Belgian Grand Prix,2023-07-30,13:00:00,https://en.wikipedia.org/wiki/2023_Belgian_Grand_Prix,2023-07-28,11:30:00,2023-07-29,10:30:00,\N,\N,2023-07-28,15:00:00,2023-07-29,14:30:00
1111,2023,13,39,Dutch Grand Prix,2023-08-27,13:00:00,https://en.wikipedia.org/wiki/2023_Dutch_Grand_Prix,2023-08-25,10:30:00,2023-08-25,14:00:00,2023-08-26,9:30:00,2023-08-26,13:00:00,\N,\N
1112,2023,14,14,Italian Grand Prix,2023-09-03,13:00:00,https://en.wikipedia.org/wiki/2023_Italian_Grand_Prix,2023-09-01,11:30:00,2023-09-01,15:00:00,2023-09-02,10:30:00,2023-09-02,14:00:00,\N,\N
1113,2023,15,15,Singapore Grand Prix,2023-09-17,12:00:00,https://en.wikipedia.org/wiki/2023_Singapore_Grand_Prix,2023-09-15,9:30:00,2023-09-15,13:00:00,2023-09-16,9:30:00,2023-09-16,13:00:00,\N,\N
1114,2023,16,22,Japanese Grand Prix,2023-09-24,5:00:00,https://en.wikipedia.org/wiki/2023_Japanese_Grand_Prix,2023-09-22,2:30:00,2023-09-22,6:00:00,2023-09-23,2:30:00,2023-09-23,6:00:00,\N,\N
1115,2023,17,78,Qatar Grand Prix,2023-10-08,17:00:00,https://en.wikipedia.org/wiki/2023_Qatar_Grand_Prix,2023-10-06,13:30:00,2023-10-07,13:00:00,\N,\N,2023-10-06,17:00:00,2023-10-07,17:30:00
1116,2023,18,69,United States Grand Prix,2023-10-22,19:00:00,https://en.wikipedia.org/wiki/2023_United_States_Grand_Prix,2023-10-20,17:30:00,2023-10-21,18:00:00,\N,\N,2023-10-20,21:00:00,2023-10-21,22:00:00
1117,2023,19,32,Mexico City Grand Prix,2023-10-29,20:00:00,https://en.wikipedia.org/wiki/2023_Mexico_City_Grand_Prix,2023-10-27,18:30:00,2023-10-27,22:00:00,2023-10-28,17:30:00,2023-10-28,21:00:00,\N,\N
1118,2023,20,18,So Paulo Grand Prix,2023-11-05,17:00:00,https://en.wikipedia.org/wiki/2023_S%C3%A3o_Paulo_Grand_Prix,2023-11-03,14:30:00,2023-11-04,14:30:00,\N,\N,2023-11-03,18:00:00,2023-11-04,18:30:00
1119,2023,21,80,Las Vegas Grand Prix,2023-11-19,6:00:00,https://en.wikipedia.org/wiki/2023_Las_Vegas_Grand_Prix,2023-11-16,4:30:00,2023-11-16,8:00:00,2023-11-17,4:30:00,2023-11-17,8:00:00,\N,\N
1120,2023,22,24,Abu Dhabi Grand Prix,2023-11-26,13:00:00,https://en.wikipedia.org/wiki/2023_Abu_Dhabi_Grand_Prix,2023-11-24,9:30:00,2023-11-24,13:00:00,2023-11-25,10:30:00,2023-11-25,14:00:00,\N,\N
1121,2024,1,3,Bahrain Grand Prix,2024-03-02,15:00:00,https://en.wikipedia.org/wiki/2024_Bahrain_Grand_Prix,2024-02-29,11:30:00,2024-02-29,15:00:00,2024-03-01,12:30:00,2024-03-01,16:00:00,\N,\N
1122,2024,2,77,Saudi Arabian Grand Prix,2024-03-09,17:00:00,https://en.wikipedia.org/wiki/2024_Saudi_Arabian_Grand_Prix,2024-03-07,13:30:00,2024-03-07,17:00:00,2024-03-08,13:30:00,2024-03-08,17:00:00,\N,\N
1123,2024,3,1,Australian Grand Prix,2024-03-24,4:00:00,https://en.wikipedia.org/wiki/2024_Australian_Grand_Prix,2024-03-22,1:30:00,2024-03-22,5:00:00,2024-03-23,1:30:00,2024-03-23,5:00:00,\N,\N
1124,2024,4,22,Japanese Grand Prix,2024-04-07,5:00:00,https://en.wikipedia.org/wiki/2024_Japanese_Grand_Prix,2024-04-05,2:30:00,2024-04-05,6:00:00,2024-04-06,2:30:00,2024-04-06,6:00:00,\N,\N
1125,2024,5,17,Chinese Grand Prix,2024-04-21,7:00:00,https://en.wikipedia.org/wiki/2024_Chinese_Grand_Prix,2024-04-19,3:30:00,2024-04-19,7:30:00,\N,\N,2024-04-20,7:00:00,2024-04-20,3:00:00
1126,2024,6,79,Miami Grand Prix,2024-05-05,20:00:00,https://en.wikipedia.org/wiki/2024_Miami_Grand_Prix,2024-05-03,16:30:00,2024-05-03,20:30:00,\N,\N,2024-05-04,20:00:00,2024-05-04,16:00:00
1127,2024,7,21,Emilia Romagna Grand Prix,2024-05-19,13:00:00,https://en.wikipedia.org/wiki/2024_Emilia_Romagna_Grand_Prix,2024-05-17,11:30:00,2024-05-17,15:00:00,2024-05-18,10:30:00,2024-05-18,14:00:00,\N,\N
1128,2024,8,6,Monaco Grand Prix,2024-05-26,13:00:00,https://en.wikipedia.org/wiki/2024_Monaco_Grand_Prix,2024-05-24,11:30:00,2024-05-24,15:00:00,2024-05-25,10:30:00,2024-05-25,14:00:00,\N,\N
1129,2024,9,7,Canadian Grand Prix,2024-06-09,18:00:00,https://en.wikipedia.org/wiki/2024_Canadian_Grand_Prix,2024-06-07,17:30:00,2024-06-07,21:00:00,2024-06-08,16:30:00,2024-06-08,20:00:00,\N,\N
1130,2024,10,4,Spanish Grand Prix,2024-06-23,13:00:00,https://en.wikipedia.org/wiki/2024_Spanish_Grand_Prix,2024-06-21,11:30:00,2024-06-21,15:00:00,2024-06-22,10:30:00,2024-06-22,14:00:00,\N,\N
1131,2024,11,70,Austrian Grand Prix,2024-06-30,13:00:00,https://en.wikipedia.org/wiki/2024_Austrian_Grand_Prix,2024-06-28,10:30:00,2024-06-28,14:30:00,\N,\N,2024-06-29,14:00:00,2024-06-29,10:00:00
1132,2024,12,9,British Grand Prix,2024-07-07,14:00:00,https://en.wikipedia.org/wiki/2024_British_Grand_Prix,2024-07-05,11:30:00,2024-07-05,15:00:00,2024-07-06,10:30:00,2024-07-06,14:00:00,\N,\N
1133,2024,13,11,Hungarian Grand Prix,2024-07-21,13:00:00,https://en.wikipedia.org/wiki/2024_Hungarian_Grand_Prix,2024-07-19,11:30:00,2024-07-19,15:00:00,2024-07-20,10:30:00,2024-07-20,14:00:00,\N,\N
1134,2024,14,13,Belgian Grand Prix,2024-07-28,13:00:00,https://en.wikipedia.org/wiki/2024_Belgian_Grand_Prix,2024-07-26,11:30:00,2024-07-26,15:00:00,2024-07-27,10:30:00,2024-07-27,14:00:00,\N,\N
1135,2024,15,39,Dutch Grand Prix,2024-08-25,13:00:00,https://en.wikipedia.org/wiki/2024_Dutch_Grand_Prix,2024-08-23,10:30:00,2024-08-23,14:00:00,2024-08-24,9:30:00,2024-08-24,13:00:00,\N,\N
1136,2024,16,14,Italian Grand Prix,2024-09-01,13:00:00,https://en.wikipedia.org/wiki/2024_Italian_Grand_Prix,2024-08-30,11:30:00,2024-08-30,15:00:00,2024-08-31,10:30:00,2024-08-31,14:00:00,\N,\N
1137,2024,17,73,Azerbaijan Grand Prix,2024-09-15,11:00:00,https://en.wikipedia.org/wiki/2024_Azerbaijan_Grand_Prix,2024-09-13,9:30:00,2024-09-13,13:00:00,2024-09-14,8:30:00,2024-09-14,12:00:00,\N,\N
1138,2024,18,15,Singapore Grand Prix,2024-09-22,12:00:00,https://en.wikipedia.org/wiki/2024_Singapore_Grand_Prix,2024-09-20,9:30:00,2024-09-20,13:00:00,2024-09-21,9:30:00,2024-09-21,13:00:00,\N,\N
1139,2024,19,69,United States Grand Prix,2024-10-20,19:00:00,https://en.wikipedia.org/wiki/2024_United_States_Grand_Prix,2024-10-18,17:30:00,2024-10-18,21:30:00,\N,\N,2024-10-19,22:00:00,2024-10-19,18:00:00
1140,2024,20,32,Mexico City Grand Prix,2024-10-27,20:00:00,https://en.wikipedia.org/wiki/2024_Mexico_City_Grand_Prix,2024-10-25,18:30:00,2024-10-25,22:00:00,2024-10-26,17:30:00,2024-10-26,21:00:00,\N,\N
1141,2024,21,18,So Paulo Grand Prix,2024-11-03,17:00:00,https://en.wikipedia.org/wiki/2024_S%C3%A3o_Paulo_Grand_Prix,2024-11-01,14:30:00,2024-11-01,18:30:00,\N,\N,2024-11-02,18:00:00,2024-11-02,14:00:00
1142,2024,22,80,Las Vegas Grand Prix,2024-11-23,6:00:00,https://en.wikipedia.org/wiki/2024_Las_Vegas_Grand_Prix,2024-11-21,2:30:00,2024-11-21,6:00:00,2024-11-22,2:30:00,2024-11-22,6:00:00,\N,\N
1143,2024,23,78,Qatar Grand Prix,2024-12-01,17:00:00,https://en.wikipedia.org/wiki/2024_Qatar_Grand_Prix,2024-11-29,13:30:00,2024-11-29,17:30:00,\N,\N,2024-11-30,17:00:00,2024-11-30,13:00:00
1144,2024,24,24,Abu Dhabi Grand Prix,2024-12-08,13:00:00,https://en.wikipedia.org/wiki/2024_Abu_Dhabi_Grand_Prix,2024-12-06,9:30:00,2024-12-06,13:00:00,2024-12-07,10:30:00,2024-12-07,14:00:00,\N,\N
